shipment_id,type,date,product_category,origin,O_Country,destination,D_Country,value,freight_cost,customs_clearance_time_days,delivery_status,month,dayofweek,dayofmonth,predicted_clearance_days,high_clearance_probability,clearance_risk,value_at_risk_usd
SHP-2024-0001,Export,2024-01-02,Electronics,Mumbai, India,New York, USA,85000,4250,2.1,On-Time,1,1,2,2.2481646292596316,0.026191666214597915,Low,2226.291628240823
SHP-2024-0002,Import,2024-01-03,Textiles,Shanghai, China,Mumbai, India,120000,6000,3.5,On-Time,1,2,3,3.4488493495393486,0.2016152394931351,Low,24193.82873917621
SHP-2024-0003,Export,2024-01-04,Consumer Goods,Mumbai, India,London, UK,45000,2250,1.8,On-Time,1,3,4,1.9822503724053706,0.023682565360694515,Low,1065.7154412312532
SHP-2024-0004,Import,2024-01-05,Industrial Equipment,Hamburg, Germany,Mumbai, India,250000,12500,4.2,Delayed,1,4,5,4.361247366522365,0.9747048829749232,High,243676.2207437308
SHP-2024-0005,Export,2024-01-06,Electronics,Mumbai, India,Tokyo, Japan,95000,4750,2.5,On-Time,1,5,6,2.4732856726606713,0.04369547071707658,Low,4151.069718122275
SHP-2024-0006,Import,2024-01-07,Consumer Goods,Ho Chi Minh City, Vietnam,Mumbai, India,60000,3000,2.0,On-Time,1,6,7,2.1078021300921286,0.021162172021416882,Low,1269.730321285013
SHP-2024-0007,Export,2024-01-08,Textiles,Mumbai, India,Dubai, UAE,75000,3750,1.5,On-Time,1,0,8,1.8115440476190472,0.023243822898315492,Low,1743.286717373662
SHP-2024-0008,Import,2024-01-09,Electronics,Seoul, South Korea,Mumbai, India,180000,9000,3.8,On-Time,1,1,9,3.9141725918525925,0.5313075451065132,Medium,95635.35811917238
SHP-2024-0009,Export,2024-01-10,Industrial Equipment,Mumbai, India,Singapore,Singapore,65000,3250,2.2,On-Time,1,2,10,2.3512015773115778,0.02113863115919113,Low,1374.0110253474236
SHP-2024-0010,Import,2024-01-11,Textiles,Dhaka, Bangladesh,Mumbai, India,90000,4500,2.7,On-Time,1,3,11,2.85356487068487,0.03057413959794849,Low,2751.672563815364
SHP-2024-0011,Export,2024-01-12,Consumer Goods,Mumbai, India,Sydney, Australia,55000,2750,3.1,Delayed,1,4,12,2.9422674680874703,0.07383659534659277,Low,4061.0127440626025
SHP-2024-0012,Import,2024-01-13,Electronics,Taipei, Taiwan,Mumbai, India,210000,10500,4.0,On-Time,1,5,13,4.084494799644797,0.8385605262533937,High,176097.7105132127
SHP-2024-0013,Export,2024-01-14,Industrial Equipment,Mumbai, India,Rotterdam, Netherlands,130000,6500,3.3,On-Time,1,6,14,3.4105818864468853,0.18374447657344992,Low,23886.78195454849
SHP-2024-0014,Import,2024-01-15,Consumer Goods,Bangkok, Thailand,Mumbai, India,70000,3500,2.4,On-Time,1,0,15,2.6099484559884543,0.017888155770846778,Low,1252.1709039592745
SHP-2024-0015,Export,2024-01-16,Textiles,Mumbai, India,New York, USA,110000,5500,2.9,On-Time,1,1,16,2.9939586580086583,0.022492691686637357,Low,2474.196085530109
SHP-2024-0016,Import,2024-01-17,Industrial Equipment,Genoa, Italy,Mumbai, India,190000,9500,4.5,On-Time,1,2,17,4.454294345099347,0.8765189101873522,High,166538.5929355969
SHP-2024-0017,Export,2024-01-18,Electronics,Mumbai, India,Los Angeles, USA,150000,7500,3.0,On-Time,1,3,18,3.2575789033188984,0.11724355367307754,Low,17586.533050961632
SHP-2024-0018,Import,2024-01-19,Textiles,Istanbul, Turkey,Mumbai, India,80000,4000,3.2,Delayed,1,4,19,3.2932795798645786,0.11632229252583233,Low,9305.783402066587
SHP-2024-0019,Export,2024-01-20,Consumer Goods,Mumbai, India,Jeddah, Saudi Arabia,35000,1750,1.9,On-Time,1,5,20,2.1628573304473306,0.04229424175960393,Low,1480.2984615861376
SHP-2024-0020,Import,2024-01-21,Electronics,San Francisco, USA,Mumbai, India,220000,11000,4.1,On-Time,1,6,21,4.220876699411704,0.9373782260357395,High,206223.2097278627
SHP-2024-0021,Export,2024-01-22,Industrial Equipment,Mumbai, India,Durban, South Africa,95000,4750,3.6,On-Time,1,0,22,3.618964725829725,0.32113314482080046,Low,30507.648757976043
SHP-2024-0022,Import,2024-01-23,Consumer Goods,Jakarta, Indonesia,Mumbai, India,48000,2400,2.6,On-Time,1,1,23,2.72522784049284,0.017764466054445763,Low,852.6943706133967
SHP-2024-0023,Export,2024-01-24,Textiles,Mumbai, India,Lagos, Nigeria,65000,3250,3.4,On-Time,1,2,24,3.420268626928625,0.13210504430534548,Low,8586.827879847457
SHP-2024-0024,Import,2024-01-25,Industrial Equipment,Yokohama, Japan,Mumbai, India,300000,15000,4.8,Delayed,1,3,25,4.812348637473642,0.9717682507474492,High,291530.47522423475
SHP-2024-0025,Export,2024-01-26,Electronics,Mumbai, India,Mexico City, Mexico,120000,6000,3.9,On-Time,1,4,26,3.87894259740259,0.5873604273062893,Medium,70483.25127675472
SHP-2024-0026,Import,2024-01-27,Consumer Goods,Manila, Philippines,Mumbai, India,40000,2000,2.8,On-Time,1,5,27,2.8753580952380964,0.01924901593642868,Low,769.9606374571472
SHP-2024-0027,Export,2024-01-28,Textiles,Mumbai, India,Cairo, Egypt,50000,2500,2.3,On-Time,1,6,28,2.4539396442446453,0.02980306820525733,Low,1490.1534102628666
SHP-2024-0028,Import,2024-01-29,Electronics,Helsinki, Finland,Mumbai, India,160000,8000,3.7,On-Time,1,0,29,3.8906869819069825,0.4194654621730515,Medium,67114.47394768824
SHP-2024-0029,Export,2024-01-30,Consumer Goods,Mumbai, India,Rio de Janeiro, Brazil,70000,3500,4.3,On-Time,1,1,30,4.446628665223668,0.7329687852762274,High,51307.81496933592
SHP-2024-0030,Import,2024-01-31,Industrial Equipment,Busan, South Korea,Mumbai, India,280000,14000,4.6,On-Time,1,2,31,4.597649314574318,0.96324041335298,High,269707.31573883444
SHP-2024-0031,Export,2024-02-01,Electronics,Mumbai, India,New York, USA,88000,4400,2.2,On-Time,2,3,1,2.28918872738373,0.026194824777168235,Low,2305.1445803908045
SHP-2024-0032,Import,2024-02-02,Textiles,Shanghai, China,Mumbai, India,125000,6250,3.6,On-Time,2,4,2,3.5748682672882675,0.20958364722575334,Low,26197.95590321917
SHP-2024-0033,Export,2024-02-03,Consumer Goods,Mumbai, India,London, UK,47000,2350,1.9,Delayed,2,5,3,2.0073444128094113,0.031837846390920424,Low,1496.3787803732598
SHP-2024-0034,Import,2024-02-04,Industrial Equipment,Hamburg, Germany,Mumbai, India,260000,13000,4.3,On-Time,2,6,4,4.390350382395382,0.978600503841512,High,254436.13099879312
SHP-2024-0035,Export,2024-02-05,Electronics,Mumbai, India,Tokyo, Japan,99000,4950,2.6,On-Time,2,0,5,2.550022801087801,0.03399503319509175,Low,3365.5082863140833
SHP-2024-0036,Import,2024-02-06,Consumer Goods,Ho Chi Minh City, Vietnam,Mumbai, India,63000,3150,2.1,On-Time,2,1,6,2.123339316239315,0.01596250354228763,Low,1005.6377231641208
SHP-2024-0037,Export,2024-02-07,Textiles,Mumbai, India,Dubai, UAE,79000,3950,1.6,On-Time,2,2,7,1.8124247519147507,0.02536706699397724,Low,2003.998292524202
SHP-2024-0038,Import,2024-02-08,Electronics,Seoul, South Korea,Mumbai, India,187000,9350,3.9,On-Time,2,3,8,3.9670842368742383,0.570628438329496,Medium,106707.51796761574
SHP-2024-0039,Export,2024-02-09,Industrial Equipment,Mumbai, India,Singapore,Singapore,69000,3450,2.3,Delayed,2,4,9,2.2939027594627603,0.022619347376882613,Low,1560.7349690049002
SHP-2024-0040,Import,2024-02-10,Textiles,Dhaka, Bangladesh,Mumbai, India,94000,4700,2.8,On-Time,2,5,10,2.7668469774669773,0.029506334853673155,Low,2773.5954762452766
SHP-2024-0041,Export,2024-02-11,Consumer Goods,Mumbai, India,Sydney, Australia,59000,2950,3.2,On-Time,2,6,11,3.10781408868909,0.07916227431173875,Low,4670.574184392586
SHP-2024-0042,Import,2024-02-12,Electronics,Taipei, Taiwan,Mumbai, India,218000,10900,4.1,On-Time,2,0,12,4.157487392607393,0.9042053360003924,High,197116.76324808554
SHP-2024-0043,Export,2024-02-13,Industrial Equipment,Mumbai, India,Rotterdam, Netherlands,138000,6900,3.4,On-Time,2,1,13,3.5073481346431357,0.1762334499845965,Low,24320.216097874316
SHP-2024-0044,Import,2024-02-14,Consumer Goods,Bangkok, Thailand,Mumbai, India,74000,3700,2.5,On-Time,2,2,14,2.63203138250638,0.015380255136032755,Low,1138.1388800664238
SHP-2024-0045,Export,2024-02-15,Textiles,Mumbai, India,New York, USA,115000,5750,3.0,Delayed,2,3,15,3.0769859429459423,0.025225545263456453,Low,2900.937705297492
SHP-2024-0046,Import,2024-02-16,Industrial Equipment,Genoa, Italy,Mumbai, India,198000,9900,4.6,On-Time,2,4,16,4.530307433122431,0.9461470390204232,High,187337.11372604378
SHP-2024-0047,Export,2024-02-17,Electronics,Mumbai, India,Los Angeles, USA,158000,7900,3.1,On-Time,2,5,17,3.299556284271282,0.08987377461967655,Low,14200.056389908896
SHP-2024-0048,Import,2024-02-18,Textiles,Istanbul, Turkey,Mumbai, India,84000,4200,3.3,On-Time,2,6,18,3.3072932733932725,0.12670098465212665,Low,10642.882710778638
SHP-2024-0049,Export,2024-02-19,Consumer Goods,Mumbai, India,Jeddah, Saudi Arabia,39000,1950,2.0,On-Time,2,0,19,2.171003585858586,0.0348740998123276,Low,1360.0898926807763
SHP-2024-0050,Import,2024-02-20,Electronics,San Francisco, USA,Mumbai, India,228000,11400,4.2,On-Time,2,1,20,4.25987462481963,0.9444016183731788,High,215323.56898908477
SHP-2024-0051,Export,2024-02-21,Industrial Equipment,Mumbai, India,Durban, South Africa,98000,4900,3.7,On-Time,2,2,21,3.6327584054834032,0.3366635693425536,Low,32993.029795570255
SHP-2024-0052,Import,2024-02-22,Consumer Goods,Jakarta, Indonesia,Mumbai, India,51000,2550,2.7,On-Time,2,3,22,2.762409629814628,0.014814975070248898,Low,755.5637285826938
SHP-2024-0053,Export,2024-02-23,Textiles,Mumbai, India,Lagos, Nigeria,68000,3400,3.5,Delayed,2,4,23,3.4757015634365636,0.13969044379577597,Low,9498.950178112766
SHP-2024-0054,Import,2024-02-24,Industrial Equipment,Yokohama, Japan,Mumbai, India,310000,15500,4.9,On-Time,2,5,24,4.974369912864908,0.9793713592244667,High,303605.1213595847
SHP-2024-0055,Export,2024-02-25,Electronics,Mumbai, India,Mexico City, Mexico,124000,6200,4.0,On-Time,2,6,25,3.9667513530913467,0.5990451027070565,Medium,74281.592735675
SHP-2024-0056,Import,2024-02-26,Consumer Goods,Manila, Philippines,Mumbai, India,43000,2150,2.9,On-Time,2,0,26,2.8750105339105336,0.016143772312268646,Low,694.1822094275518
SHP-2024-0057,Export,2024-02-27,Textiles,Mumbai, India,Cairo, Egypt,53000,2650,2.4,On-Time,2,1,27,2.506799882339884,0.02205206581196285,Low,1168.7594880340312
SHP-2024-0058,Import,2024-02-28,Electronics,Helsinki, Finland,Mumbai, India,165000,8250,3.8,On-Time,2,2,28,3.9037889660339657,0.44653273427518936,Medium,73677.90115540625
SHP-2024-0059,Export,2024-03-01,Consumer Goods,Mumbai, India,Rio de Janeiro, Brazil,73000,3650,4.4,Delayed,3,4,1,4.330760771450772,0.6673532602980531,Medium,48716.78800175787
SHP-2024-0060,Import,2024-03-02,Industrial Equipment,Busan, South Korea,Mumbai, India,288000,14400,4.7,On-Time,3,5,2,4.696491505716509,0.9659605503939449,High,278196.63851345616
SHP-2024-0061,Export,2024-03-03,Electronics,Mumbai, India,New York, USA,92000,4600,2.3,On-Time,3,6,3,2.368962185037186,0.03726819250137227,Low,3428.673710126249
SHP-2024-0062,Import,2024-03-04,Textiles,Shanghai, China,Mumbai, India,130000,6500,3.7,On-Time,3,0,4,3.6321291908091906,0.21190036316599523,Low,27547.04721157938
SHP-2024-0063,Export,2024-03-05,Consumer Goods,Mumbai, India,London, UK,50000,2500,2.0,On-Time,3,1,5,2.034823160173159,0.026046418740430247,Low,1302.3209370215122
SHP-2024-0064,Import,2024-03-06,Industrial Equipment,Hamburg, Germany,Mumbai, India,270000,13500,4.4,On-Time,3,2,6,4.459782171717174,0.9835337956894343,High,265554.1248361473
SHP-2024-0065,Export,2024-03-07,Electronics,Mumbai, India,Tokyo, Japan,105000,5250,2.7,On-Time,3,3,7,2.702720497835498,0.0344156621127795,Low,3613.6445218418476
SHP-2024-0066,Import,2024-03-08,Consumer Goods,Ho Chi Minh City, Vietnam,Mumbai, India,66000,3300,2.2,Delayed,3,4,8,2.2328472788322786,0.015075536714613513,Low,994.9854231644919
SHP-2024-0067,Export,2024-03-09,Textiles,Mumbai, India,Dubai, UAE,83000,4150,1.7,On-Time,3,5,9,2.036383780663781,0.050972351023928414,Low,4230.7051349860585
SHP-2024-0068,Import,2024-03-10,Electronics,Seoul, South Korea,Mumbai, India,195000,9750,4.0,On-Time,3,6,10,4.060492959817962,0.6567919403464342,Medium,128074.42836755466
SHP-2024-0069,Export,2024-03-11,Industrial Equipment,Mumbai, India,Singapore,Singapore,72000,3600,2.4,On-Time,3,0,11,2.647015415695413,0.030641313124859907,Low,2206.174544989913
SHP-2024-0070,Import,2024-03-12,Textiles,Dhaka, Bangladesh,Mumbai, India,98000,4900,2.9,On-Time,3,1,12,2.955464892329892,0.031042766330692865,Low,3042.1911004079006
SHP-2024-0071,Export,2024-03-13,Consumer Goods,Mumbai, India,Sydney, Australia,62000,3100,3.3,On-Time,3,2,13,3.1945943817293823,0.05925546713853758,Low,3673.83896258933
SHP-2024-0072,Import,2024-03-14,Electronics,Taipei, Taiwan,Mumbai, India,225000,11250,4.2,Delayed,3,3,14,4.238879759129762,0.9273809059401403,High,208660.70383653158
SHP-2024-0073,Export,2024-03-15,Industrial Equipment,Mumbai, India,Rotterdam, Netherlands,145000,7250,3.5,On-Time,3,4,15,3.628406590631588,0.19795667464693573,Low,28703.71782380568
SHP-2024-0074,Import,2024-03-16,Consumer Goods,Bangkok, Thailand,Mumbai, India,78000,3900,2.6,On-Time,3,5,16,2.7532739898989895,0.019601597280478344,Low,1528.9245878773108
SHP-2024-0075,Export,2024-03-17,Textiles,Mumbai, India,New York, USA,120000,6000,3.1,On-Time,3,6,17,3.216913482628483,0.037238761188421995,Low,4468.651342610639
SHP-2024-0076,Import,2024-03-18,Industrial Equipment,Genoa, Italy,Mumbai, India,205000,10250,4.7,On-Time,3,0,18,4.59745689199689,0.9602284528917586,High,196846.83284281052
SHP-2024-0077,Export,2024-03-19,Electronics,Mumbai, India,Los Angeles, USA,165000,8250,3.2,On-Time,3,1,19,3.339157308802308,0.137909998106875,Low,22755.149687634374
SHP-2024-0078,Import,2024-03-20,Textiles,Istanbul, Turkey,Mumbai, India,88000,4400,3.4,On-Time,3,2,20,3.412414492729491,0.14146091803490007,Low,12448.560787071207
SHP-2024-0079,Export,2024-03-21,Consumer Goods,Mumbai, India,Jeddah, Saudi Arabia,42000,2100,2.1,Delayed,3,3,21,2.1817731529581534,0.045411718373799086,Low,1907.2921716995615
SHP-2024-0080,Import,2024-03-22,Electronics,San Francisco, USA,Mumbai, India,235000,11750,4.3,On-Time,3,4,22,4.331831428571431,0.9549880263733337,High,224422.18619773342
SHP-2024-0081,Export,2024-03-23,Industrial Equipment,Mumbai, India,Durban, South Africa,102000,5100,3.8,On-Time,3,5,23,3.745835238095238,0.33584340017148767,Low,34256.026817491744
SHP-2024-0082,Import,2024-03-24,Consumer Goods,Jakarta, Indonesia,Mumbai, India,54000,2700,2.8,On-Time,3,6,24,2.830937927627928,0.01841124227096409,Low,994.2070826320609
SHP-2024-0083,Export,2024-03-25,Textiles,Mumbai, India,Lagos, Nigeria,71000,3550,3.6,On-Time,3,0,25,3.5196516716616713,0.1553230111103798,Low,11027.933788836966
SHP-2024-0084,Import,2024-03-26,Industrial Equipment,Yokohama, Japan,Mumbai, India,320000,16000,5.0,On-Time,3,1,26,5.115624940614935,0.9814039431816709,High,314049.2618181347
SHP-2024-0085,Export,2024-03-27,Electronics,Mumbai, India,Mexico City, Mexico,128000,6400,4.1,Delayed,3,2,27,3.977659527694522,0.6889242656565717,Medium,88182.30600404118
SHP-2024-0086,Import,2024-03-28,Consumer Goods,Manila, Philippines,Mumbai, India,46000,2300,3.0,On-Time,3,3,28,2.9180393817293826,0.02819050647203686,Low,1296.7632977136957
SHP-2024-0087,Export,2024-03-29,Textiles,Mumbai, India,Cairo, Egypt,56000,2800,2.5,On-Time,3,4,29,2.6191728071928075,0.030010782046994873,Low,1680.6037946317128
SHP-2024-0088,Import,2024-03-30,Electronics,Helsinki, Finland,Mumbai, India,170000,8500,3.9,On-Time,3,5,30,3.9401234249084243,0.4690889300087051,Medium,79745.11810147986
SHP-2024-0089,Export,2024-03-31,Consumer Goods,Mumbai, India,Rio de Janeiro, Brazil,76000,3800,4.5,On-Time,3,6,31,4.535929603174603,0.8605187499984652,High,65399.424999883355
SHP-2024-0090,Import,2024-04-01,Industrial Equipment,Busan, South Korea,Mumbai, India,295000,14750,4.8,On-Time,4,0,1,4.788250728160736,0.9766366097697794,High,288107.79988208495
SHP-2024-0091,Export,2024-04-02,Electronics,Mumbai, India,New York, USA,95000,4750,2.4,On-Time,4,1,2,2.447538308913307,0.01836029205299202,Low,1744.227745034242
SHP-2024-0092,Import,2024-04-03,Textiles,Shanghai, China,Mumbai, India,135000,6750,3.8,Delayed,4,2,3,3.717751600621603,0.24009734167058244,Low,32413.14112552863
SHP-2024-0093,Export,2024-04-04,Consumer Goods,Mumbai, India,London, UK,52000,2600,2.1,On-Time,4,3,4,2.1165053979353954,0.017467057442819314,Low,908.2869870266043
SHP-2024-0094,Import,2024-04-05,Industrial Equipment,Hamburg, Germany,Mumbai, India,275000,13750,4.5,On-Time,4,4,5,4.510711844266848,0.9936515104308331,High,273254.1653684791
SHP-2024-0095,Export,2024-04-06,Electronics,Mumbai, India,Tokyo, Japan,110000,5500,2.8,On-Time,4,5,6,2.8104128066378076,0.04147196750667704,Low,4561.916425734475
SHP-2024-0096,Import,2024-04-07,Consumer Goods,Ho Chi Minh City, Vietnam,Mumbai, India,68000,3400,2.3,On-Time,4,6,7,2.2968045948495956,0.0176833883867509,Low,1202.470410299061
SHP-2024-0097,Export,2024-04-08,Textiles,Mumbai, India,Dubai, UAE,86000,4300,1.8,On-Time,4,0,8,1.8914721284271276,0.04854007972362619,Low,4174.446856231852
SHP-2024-0098,Import,2024-04-09,Electronics,Seoul, South Korea,Mumbai, India,200000,10000,4.1,Delayed,4,1,9,4.118718261183259,0.8128622249727779,High,162572.44499455558
SHP-2024-0099,Export,2024-04-10,Industrial Equipment,Mumbai, India,Singapore,Singapore,75000,3750,2.5,On-Time,4,2,10,2.53768633921634,0.025925770174083897,Low,1944.4327630562923
SHP-2024-0100,Import,2024-04-11,Textiles,Dhaka, Bangladesh,Mumbai, India,100000,5000,3.0,On-Time,4,3,11,3.0105672516372524,0.026677929232924745,Low,2667.7929232924744
SHP-2024-0101,Export,2024-04-12,Consumer Goods,Mumbai, India,Sydney, Australia,65000,3250,3.4,On-Time,4,4,12,3.3111500455100438,0.07029455188696465,Low,4569.145872652703
SHP-2024-0102,Import,2024-04-13,Electronics,Taipei, Taiwan,Mumbai, India,230000,11500,4.3,On-Time,4,5,13,4.330983574758575,0.9451070266123396,High,217374.6161208381
SHP-2024-0103,Export,2024-04-14,Industrial Equipment,Mumbai, India,Rotterdam, Netherlands,150000,7500,3.6,On-Time,4,6,14,3.6669078749028694,0.2029345302981294,Low,30440.179544719413
SHP-2024-0104,Import,2024-04-15,Consumer Goods,Bangkok, Thailand,Mumbai, India,80000,4000,2.7,Delayed,4,0,15,2.753632198912196,0.019006738474280797,Low,1520.5390779424638
SHP-2024-0105,Export,2024-04-16,Textiles,Mumbai, India,New York, USA,125000,6250,3.2,On-Time,4,1,16,3.230938922743922,0.024892075990721362,Low,3111.50949884017
SHP-2024-0106,Import,2024-04-17,Industrial Equipment,Genoa, Italy,Mumbai, India,210000,10500,4.8,On-Time,4,2,17,4.678697822732825,0.9793003104754582,High,205653.06519984623
SHP-2024-0107,Export,2024-04-18,Electronics,Mumbai, India,Los Angeles, USA,170000,8500,3.3,On-Time,4,3,18,3.330857099567098,0.12292684636704115,Low,20897.563882396997
SHP-2024-0108,Import,2024-04-19,Textiles,Istanbul, Turkey,Mumbai, India,90000,4500,3.5,On-Time,4,4,19,3.4611378549228533,0.13040542787463708,Low,11736.488508717337
SHP-2024-0109,Export,2024-04-20,Consumer Goods,Mumbai, India,Jeddah, Saudi Arabia,45000,2250,2.2,On-Time,4,5,20,2.203585613275612,0.03833132995263687,Low,1724.9098478686592
SHP-2024-0110,Import,2024-04-21,Electronics,San Francisco, USA,Mumbai, India,240000,12000,4.4,Delayed,4,6,21,4.40674403651904,0.9772827762756611,High,234547.86630615866
SHP-2024-0111,Export,2024-04-22,Industrial Equipment,Mumbai, India,Durban, South Africa,105000,5250,3.9,On-Time,4,0,22,3.8156324025974033,0.3308826033374569,Low,34742.673350432975
SHP-2024-0112,Import,2024-04-23,Consumer Goods,Jakarta, Indonesia,Mumbai, India,56000,2800,2.9,On-Time,4,1,23,2.9131021889221898,0.009404061701316954,Low,526.6274552737494
SHP-2024-0113,Export,2024-04-24,Textiles,Mumbai, India,Lagos, Nigeria,73000,3650,3.7,On-Time,4,2,24,3.6146627394827364,0.17335994710686536,Low,12655.276138801171
SHP-2024-0114,Import,2024-04-25,Industrial Equipment,Yokohama, Japan,Mumbai, India,330000,16500,5.1,On-Time,4,3,25,5.173668901653894,0.994257358096928,High,328104.92817198625
SHP-2024-0115,Export,2024-04-26,Electronics,Mumbai, India,Mexico City, Mexico,132000,6600,4.2,On-Time,4,4,26,4.12085483349983,0.7330084496132101,High,96757.11534894373
SHP-2024-0116,Import,2024-04-27,Consumer Goods,Manila, Philippines,Mumbai, India,48000,2400,3.1,Delayed,4,5,27,3.0063529531579523,0.013791786186474468,Low,662.0057369507745
SHP-2024-0117,Export,2024-04-28,Textiles,Mumbai, India,Cairo, Egypt,58000,2900,2.6,On-Time,4,6,28,2.680257838272835,0.027847156143462917,Low,1615.1350563208491
SHP-2024-0118,Import,2024-04-29,Electronics,Helsinki, Finland,Mumbai, India,175000,8750,4.0,On-Time,4,0,29,4.005787463647468,0.544125842655316,Medium,95222.02246468031
SHP-2024-0119,Export,2024-04-30,Consumer Goods,Mumbai, India,Rio de Janeiro, Brazil,78000,3900,4.6,On-Time,4,1,30,4.567640151515148,0.8968252256656891,High,69952.36760192375
SHP-2024-0120,Import,2024-05-01,Industrial Equipment,Busan, South Korea,Mumbai, India,300000,15000,4.9,On-Time,5,2,1,4.854470468420475,0.9857414712179454,High,295722.4413653836
SHP-2024-0121,Export,2024-05-02,Electronics,Mumbai, India,New York, USA,98000,4900,2.5,On-Time,5,3,2,2.5130126284826266,0.019300290017989982,Low,1891.4284217630182
SHP-2024-0122,Import,2024-05-03,Textiles,Shanghai, China,Mumbai, India,140000,7000,3.9,On-Time,5,4,3,3.820867213342215,0.2797842799395916,Low,39169.79919154282
SHP-2024-0123,Export,2024-05-04,Consumer Goods,Mumbai, India,London, UK,54000,2700,2.2,Delayed,5,5,4,2.223336273726271,0.024682910580676155,Low,1332.8771713565125
SHP-2024-0124,Import,2024-05-05,Industrial Equipment,Hamburg, Germany,Mumbai, India,280000,14000,4.6,On-Time,5,6,5,4.639251137196135,0.9935645681646851,High,278198.0790861118
SHP-2024-0125,Export,2024-05-06,Electronics,Mumbai, India,Tokyo, Japan,115000,5750,2.9,On-Time,5,0,6,3.016342207792208,0.05349377037744339,Low,6151.78359340599
SHP-2024-0126,Import,2024-05-07,Consumer Goods,Ho Chi Minh City, Vietnam,Mumbai, India,70000,3500,2.4,On-Time,5,1,7,2.3786222649572646,0.014820329176225505,Low,1037.4230423357853
SHP-2024-0127,Export,2024-05-08,Textiles,Mumbai, India,Dubai, UAE,89000,4450,1.9,On-Time,5,2,8,1.9983371500721485,0.044894429129010066,Low,3995.604192481896
SHP-2024-0128,Import,2024-05-09,Electronics,Seoul, South Korea,Mumbai, India,205000,10250,4.2,On-Time,5,3,9,4.188271471306472,0.8716635641828412,High,178691.03065748245
SHP-2024-0129,Export,2024-05-10,Industrial Equipment,Mumbai, India,Singapore,Singapore,78000,3900,2.6,Delayed,5,4,10,2.6475980391830416,0.0414201617476237,Low,3230.772616314649
SHP-2024-0130,Import,2024-05-11,Textiles,Dhaka, Bangladesh,Mumbai, India,103000,5150,3.1,On-Time,5,5,11,3.115951667221666,0.03233405106807883,Low,3330.4072600121194
SHP-2024-0131,Export,2024-05-12,Consumer Goods,Mumbai, India,Sydney, Australia,68000,3400,3.5,On-Time,5,6,12,3.3861302852702844,0.08235887464296035,Low,5600.403475721304
SHP-2024-0132,Import,2024-05-13,Electronics,Taipei, Taiwan,Mumbai, India,235000,11750,4.4,On-Time,5,0,13,4.452846056721058,0.9722039385592501,High,228467.9255614238
SHP-2024-0133,Export,2024-05-14,Industrial Equipment,Mumbai, India,Rotterdam, Netherlands,155000,7750,3.7,On-Time,5,1,14,3.758974441669439,0.2139786638223379,Low,33166.69289246238
SHP-2024-0134,Import,2024-05-15,Consumer Goods,Bangkok, Thailand,Mumbai, India,82000,4100,2.8,On-Time,5,2,15,2.8491937001886978,0.02232075941880458,Low,1830.3022723419756
SHP-2024-0135,Export,2024-05-16,Textiles,Mumbai, India,New York, USA,130000,6500,3.3,Delayed,5,3,16,3.3133502103452104,0.02636630752527941,Low,3427.619978286323
SHP-2024-0136,Import,2024-05-17,Industrial Equipment,Genoa, Italy,Mumbai, India,215000,10750,4.9,On-Time,5,4,17,4.797190744810745,0.9970612790644532,High,214368.17499885743
SHP-2024-0137,Export,2024-05-18,Electronics,Mumbai, India,Los Angeles, USA,175000,8750,3.4,On-Time,5,5,18,3.389273672438673,0.18705122111541156,Low,32733.963695197024
SHP-2024-0138,Import,2024-05-19,Textiles,Istanbul, Turkey,Mumbai, India,93000,4650,3.6,On-Time,5,6,19,3.567149926184925,0.14541898070835788,Low,13523.965205877283
SHP-2024-0139,Export,2024-05-20,Consumer Goods,Mumbai, India,Jeddah, Saudi Arabia,48000,2400,2.3,On-Time,5,0,20,2.286795375180376,0.03633913286495242,Low,1744.278377517716
SHP-2024-0140,Import,2024-05-21,Electronics,San Francisco, USA,Mumbai, India,245000,12250,4.5,On-Time,5,1,21,4.51729375235875,0.9930934707687699,High,243307.9003383486
SHP-2024-0141,Export,2024-05-22,Industrial Equipment,Mumbai, India,Durban, South Africa,108000,5400,4.0,Delayed,5,2,22,3.9044611477411477,0.38016156778591526,Low,41057.44932087885
SHP-2024-0142,Import,2024-05-23,Consumer Goods,Jakarta, Indonesia,Mumbai, India,58000,2900,3.0,On-Time,5,3,23,3.031675596070597,0.006345694478452576,Low,368.0502797502494
SHP-2024-0143,Export,2024-05-24,Textiles,Mumbai, India,Lagos, Nigeria,75000,3750,3.8,On-Time,5,4,24,3.6645022394272373,0.1885624439690771,Low,14142.183297680782
SHP-2024-0144,Import,2024-05-25,Industrial Equipment,Yokohama, Japan,Mumbai, India,340000,17000,5.2,On-Time,5,5,25,5.243980432900429,0.9951760326864594,High,338359.8511133962
SHP-2024-0145,Export,2024-05-26,Electronics,Mumbai, India,Mexico City, Mexico,135000,6750,4.3,On-Time,5,6,26,4.185758458763456,0.7683632867092958,High,103729.04370575493
SHP-2024-0146,Import,2024-05-27,Consumer Goods,Manila, Philippines,Mumbai, India,50000,2500,3.2,On-Time,5,0,27,3.0837511999112017,0.013207369427560556,Low,660.3684713780278
SHP-2024-0147,Export,2024-05-28,Textiles,Mumbai, India,Cairo, Egypt,60000,3000,2.7,Delayed,5,1,28,2.7649568104118103,0.023844784313504876,Low,1430.6870588102925
SHP-2024-0148,Import,2024-05-29,Electronics,Helsinki, Finland,Mumbai, India,180000,9000,4.1,On-Time,5,2,29,4.0837928132978165,0.7032748298255288,High,126589.46936859518
SHP-2024-0149,Export,2024-05-30,Consumer Goods,Mumbai, India,Rio de Janeiro, Brazil,80000,4000,4.7,On-Time,5,3,30,4.601129069264065,0.913168827570034,High,73053.50620560272
SHP-2024-0150,Import,2024-05-31,Industrial Equipment,Busan, South Korea,Mumbai, India,305000,15250,5.0,On-Time,5,4,31,4.951430137640139,0.9882427435061075,High,301414.0367693628
SHP-2024-0151,Export,2024-06-01,Electronics,Mumbai, India,New York, USA,101000,5050,2.6,On-Time,6,5,1,2.631001863691865,0.030350513321932598,Low,3065.4018455151922
SHP-2024-0152,Import,2024-06-02,Textiles,Shanghai, China,Mumbai, India,145000,7250,4.0,On-Time,6,6,2,3.9097097619047596,0.3928699287457954,Low,56966.139668140335
SHP-2024-0153,Export,2024-06-03,Consumer Goods,Mumbai, India,London, UK,56000,2800,2.3,On-Time,6,0,3,2.3529631374181337,0.021039306541047118,Low,1178.2011662986386
SHP-2024-0154,Import,2024-06-04,Industrial Equipment,Hamburg, Germany,Mumbai, India,285000,14250,4.7,Delayed,6,1,4,4.727528759018756,0.994615443144592,High,283465.4012962087
SHP-2024-0155,Export,2024-06-05,Electronics,Mumbai, India,Tokyo, Japan,118000,5900,3.0,On-Time,6,2,5,3.073773138528141,0.05670678302886845,Low,6691.400397406477
SHP-2024-0156,Import,2024-06-06,Consumer Goods,Ho Chi Minh City, Vietnam,Mumbai, India,72000,3600,2.5,On-Time,6,3,6,2.5136986863136856,0.015892687854159628,Low,1144.2735254994932
SHP-2024-0157,Export,2024-06-07,Textiles,Mumbai, India,Dubai, UAE,92000,4600,2.0,On-Time,6,4,7,2.0867386075036065,0.045445942232668714,Low,4181.026685405522
SHP-2024-0158,Import,2024-06-08,Electronics,Seoul, South Korea,Mumbai, India,210000,10500,4.3,On-Time,6,5,8,4.271678387723389,0.890777584184015,High,187063.29267864313
SHP-2024-0159,Export,2024-06-09,Industrial Equipment,Mumbai, India,Singapore,Singapore,81000,4050,2.7,On-Time,6,6,9,2.7222922710622717,0.0544257015488757,Low,4408.481825458932
SHP-2024-0160,Import,2024-06-10,Textiles,Dhaka, Bangladesh,Mumbai, India,106000,5300,3.2,Delayed,6,0,10,3.1313605994005997,0.043664564117121295,Low,4628.443796414857
SHP-2024-0161,Export,2024-06-11,Consumer Goods,Mumbai, India,Sydney, Australia,71000,3550,3.6,On-Time,6,1,11,3.484182718947717,0.09586247714481899,Low,6806.235877282148
SHP-2024-0162,Import,2024-06-12,Electronics,Taipei, Taiwan,Mumbai, India,240000,12000,4.5,On-Time,6,2,12,4.530079574314571,0.9812887197690314,High,235509.29274456753
SHP-2024-0163,Export,2024-06-13,Industrial Equipment,Mumbai, India,Rotterdam, Netherlands,160000,8000,3.8,On-Time,6,3,13,3.8376664513264496,0.2368032765930032,Low,37888.52425488051
SHP-2024-0164,Import,2024-06-14,Consumer Goods,Bangkok, Thailand,Mumbai, India,85000,4250,2.9,On-Time,6,4,14,2.94004885170385,0.023744625912770767,Low,2018.2932025855152
SHP-2024-0165,Export,2024-06-15,Textiles,Mumbai, India,New York, USA,135000,6750,3.4,On-Time,6,5,15,3.439309104229106,0.0438535922817017,Low,5920.23495802973
SHP-2024-0166,Import,2024-06-16,Industrial Equipment,Genoa, Italy,Mumbai, India,220000,11000,5.0,Delayed,6,6,16,4.884672647907647,0.9926054017560142,High,218373.18838632313
SHP-2024-0167,Export,2024-06-17,Electronics,Mumbai, India,Los Angeles, USA,180000,9000,3.5,On-Time,6,0,17,3.468738922188921,0.1776830355271487,Low,31982.946394886767
SHP-2024-0168,Import,2024-06-18,Textiles,Istanbul, Turkey,Mumbai, India,96000,4800,3.7,On-Time,6,1,18,3.6399305550005554,0.1459455931995082,Low,14010.776947152786
SHP-2024-0169,Export,2024-06-19,Consumer Goods,Mumbai, India,Jeddah, Saudi Arabia,51000,2550,2.4,On-Time,6,2,19,2.4372859307359285,0.026212657480967273,Low,1336.8455315293309
SHP-2024-0170,Import,2024-06-20,Electronics,San Francisco, USA,Mumbai, India,250000,12500,4.6,On-Time,6,3,20,4.595774491619485,0.9935282723687889,High,248382.06809219724
SHP-2024-0171,Export,2024-06-21,Industrial Equipment,Mumbai, India,Durban, South Africa,112000,5600,4.1,On-Time,6,4,21,4.07114703241203,0.611807214821486,Medium,68522.40806000643
SHP-2024-0172,Import,2024-06-22,Consumer Goods,Jakarta, Indonesia,Mumbai, India,61000,3050,3.1,Delayed,6,5,22,3.172999025974026,0.0110349274902008,Low,673.1305769022488
SHP-2024-0173,Export,2024-06-23,Textiles,Mumbai, India,Lagos, Nigeria,78000,3900,3.9,On-Time,6,6,23,3.829553396048393,0.28130259615882575,Low,21941.60250038841
SHP-2024-0174,Import,2024-06-24,Industrial Equipment,Yokohama, Japan,Mumbai, India,350000,17500,5.3,On-Time,6,0,24,5.278166984126983,0.9919632575909517,High,347187.1401568331
SHP-2024-0175,Export,2024-06-25,Electronics,Mumbai, India,Mexico City, Mexico,138000,6900,4.4,On-Time,6,1,25,4.309285073260073,0.8054209001437952,High,111148.08421984373
SHP-2024-0176,Import,2024-06-26,Consumer Goods,Manila, Philippines,Mumbai, India,53000,2650,3.3,On-Time,6,2,26,3.1726142568542604,0.011736997497683983,Low,622.0608673772512
SHP-2024-0177,Export,2024-06-27,Textiles,Mumbai, India,Cairo, Egypt,63000,3150,2.8,On-Time,6,3,27,2.8615284077034064,0.017125821007579103,Low,1078.9267234774836
SHP-2024-0178,Import,2024-06-28,Electronics,Helsinki, Finland,Mumbai, India,185000,9250,4.2,Delayed,6,4,28,4.214318726828732,0.7880218340627675,High,145784.03930161198
SHP-2024-0179,Export,2024-06-29,Consumer Goods,Mumbai, India,Rio de Janeiro, Brazil,83000,4150,4.8,On-Time,6,5,29,4.7650793101343085,0.9263775986097996,High,76889.34068461337
SHP-2024-0180,Import,2024-06-30,Industrial Equipment,Busan, South Korea,Mumbai, India,310000,15500,5.1,On-Time,6,6,30,5.045801889776883,0.9885645515841777,High,306455.0109910951
SHP-2024-0181,Export,2024-07-01,Electronics,Mumbai, India,New York, USA,104000,5200,2.7,On-Time,7,0,1,2.7037274242424227,0.023735771814032528,Low,2468.520268659383
SHP-2024-0182,Import,2024-07-02,Textiles,Shanghai, China,Mumbai, India,150000,7500,4.1,On-Time,7,1,2,3.9730095021645004,0.6097867099908701,Medium,91468.00649863052
SHP-2024-0183,Export,2024-07-03,Consumer Goods,Mumbai, India,London, UK,58000,2900,2.4,On-Time,7,2,3,2.4435025013875005,0.019889101196282958,Low,1153.5678693844116
SHP-2024-0184,Import,2024-07-04,Industrial Equipment,Hamburg, Germany,Mumbai, India,290000,14500,4.8,On-Time,7,3,4,4.832465604395604,0.993860611842702,High,288219.57743438357
SHP-2024-0185,Export,2024-07-05,Electronics,Mumbai, India,Tokyo, Japan,122000,6100,3.1,Delayed,7,4,5,3.1670606493506517,0.06986692279319619,Low,8523.764580769935
SHP-2024-0186,Import,2024-07-06,Consumer Goods,Ho Chi Minh City, Vietnam,Mumbai, India,75000,3750,2.6,On-Time,7,5,6,2.6265503774003793,0.023944440677984857,Low,1795.8330508488643
SHP-2024-0187,Export,2024-07-07,Textiles,Mumbai, India,Dubai, UAE,95000,4750,2.1,On-Time,7,6,7,2.2368850216450227,0.05306579183625775,Low,5041.250224444487
SHP-2024-0188,Import,2024-07-08,Electronics,Seoul, South Korea,Mumbai, India,215000,10750,4.4,On-Time,7,0,8,4.399298989898996,0.9509433608910969,High,204452.82259158583
SHP-2024-0189,Export,2024-07-09,Industrial Equipment,Mumbai, India,Singapore,Singapore,84000,4200,2.8,On-Time,7,1,9,2.8520354761904776,0.0610690682590333,Low,5129.801733758797
SHP-2024-0190,Import,2024-07-10,Textiles,Dhaka, Bangladesh,Mumbai, India,109000,5450,3.3,On-Time,7,2,10,3.25381153013653,0.10849136818322934,Low,11825.559131971999
SHP-2024-0191,Export,2024-07-11,Consumer Goods,Mumbai, India,Sydney, Australia,74000,3700,3.7,Delayed,7,3,11,3.5738618270291798,0.12758225456327313,Low,9441.08683768221
SHP-2024-0192,Import,2024-07-12,Electronics,Taipei, Taiwan,Mumbai, India,245000,12250,4.6,On-Time,7,4,12,4.627740718170712,0.981839026637497,High,240550.56152618676
SHP-2024-0193,Export,2024-07-13,Industrial Equipment,Mumbai, India,Rotterdam, Netherlands,165000,8250,3.9,On-Time,7,5,13,3.9305786463209977,0.2992724085592109,Low,49379.947412269794
SHP-2024-0194,Import,2024-07-14,Consumer Goods,Bangkok, Thailand,Mumbai, India,88000,4400,3.0,On-Time,7,6,14,3.0402488300588306,0.04016035930218837,Low,3534.1116185925766
SHP-2024-0195,Export,2024-07-15,Textiles,Mumbai, India,New York, USA,140000,7000,3.5,On-Time,7,0,15,3.534191222111221,0.03632991926843049,Low,5086.188697580268
SHP-2024-0196,Import,2024-07-16,Industrial Equipment,Genoa, Italy,Mumbai, India,225000,11250,5.1,On-Time,7,1,16,4.977108838383838,0.9946502755475672,High,223796.31199820264
SHP-2024-0197,Export,2024-07-17,Electronics,Mumbai, India,Los Angeles, USA,185000,9250,3.6,Delayed,7,2,17,3.5967928255078223,0.20152759575994417,Low,37282.60521558967
SHP-2024-0198,Import,2024-07-18,Textiles,Istanbul, Turkey,Mumbai, India,99000,4950,3.8,On-Time,7,3,18,3.7447164962814976,0.18448120277053578,Low,18263.639074283044
SHP-2024-0199,Export,2024-07-19,Consumer Goods,Mumbai, India,Jeddah, Saudi Arabia,54000,2700,2.5,On-Time,7,4,19,2.5488199644799625,0.03580575236012226,Low,1933.510627446602
SHP-2024-0200,Import,2024-07-20,Electronics,San Francisco, USA,Mumbai, India,255000,12750,4.7,On-Time,7,5,20,4.692593204018197,0.9908322977479616,High,252662.2359257302
SHP-2024-0201,Export,2024-07-21,Industrial Equipment,Mumbai, India,Durban, South Africa,115000,5750,4.2,On-Time,7,6,21,4.154547944277941,0.6854544890925826,Medium,78827.266245647
SHP-2024-0202,Import,2024-07-22,Consumer Goods,Jakarta, Indonesia,Mumbai, India,63000,3150,3.2,On-Time,7,0,22,3.226319177489181,0.009595087847845948,Low,604.4905344142948
SHP-2024-0203,Export,2024-07-23,Textiles,Mumbai, India,Lagos, Nigeria,80000,4000,4.0,Delayed,7,1,23,3.945509464424463,0.31001745578710405,Low,24801.396462968325
SHP-2024-0204,Import,2024-07-24,Industrial Equipment,Yokohama, Japan,Mumbai, India,360000,18000,5.4,On-Time,7,2,24,5.371359624819626,0.9957260309066662,High,358461.37112639984
SHP-2024-0205,Export,2024-07-25,Electronics,Mumbai, India,Mexico City, Mexico,142000,7100,4.5,On-Time,7,3,25,4.420469729714729,0.8536489417122199,High,121218.14972313523
SHP-2024-0206,Import,2024-07-26,Consumer Goods,Manila, Philippines,Mumbai, India,55000,2750,3.4,On-Time,7,4,26,3.2579655483405507,0.014049077966235042,Low,772.6992881429273
SHP-2024-0207,Export,2024-07-27,Textiles,Mumbai, India,Cairo, Egypt,65000,3250,2.9,On-Time,7,5,27,2.9217122460872447,0.026077809769591082,Low,1695.0576350234203
SHP-2024-0208,Import,2024-07-28,Electronics,Helsinki, Finland,Mumbai, India,190000,9500,4.3,On-Time,7,6,28,4.331501193806193,0.8514893246853137,High,161782.9716902096
SHP-2024-0209,Export,2024-07-29,Consumer Goods,Mumbai, India,Rio de Janeiro, Brazil,85000,4250,4.9,Delayed,7,0,29,4.9174744044844045,0.9140127911004282,High,77691.0872435364
SHP-2024-0210,Import,2024-07-30,Industrial Equipment,Busan, South Korea,Mumbai, India,315000,15750,5.2,On-Time,7,1,30,5.205945835275834,0.9873142796717613,High,311003.99809660483
SHP-2024-0211,Export,2024-07-31,Electronics,Mumbai, India,New York, USA,107000,5350,2.8,On-Time,7,2,31,3.001083292263292,0.09780881567629751,Low,10465.543277363833
SHP-2024-0212,Import,2024-08-01,Textiles,Shanghai, China,Mumbai, India,155000,7750,4.2,On-Time,8,3,1,4.07981577794754,0.7207743858368435,High,111720.02980471075
SHP-2024-0213,Export,2024-08-02,Consumer Goods,Mumbai, India,London, UK,60000,3000,2.5,On-Time,8,4,2,2.5390558757908743,0.03893135002652468,Low,2335.881001591481
SHP-2024-0214,Import,2024-08-03,Industrial Equipment,Hamburg, Germany,Mumbai, India,295000,14750,4.9,On-Time,8,5,3,4.925924738039739,0.9935630717401852,High,293101.10616335465
SHP-2024-0215,Export,2024-08-04,Electronics,Mumbai, India,Tokyo, Japan,125000,6250,3.2,On-Time,8,6,4,3.2502710617160653,0.09696738265477695,Low,12120.922831847118
SHP-2024-0216,Import,2024-08-05,Consumer Goods,Ho Chi Minh City, Vietnam,Mumbai, India,77000,3850,2.7,Delayed,8,0,5,2.7041100577200625,0.02265716147315428,Low,1744.6014334328797
SHP-2024-0217,Export,2024-08-06,Textiles,Mumbai, India,Dubai, UAE,98000,4900,2.2,On-Time,8,1,6,2.3706374170274174,0.06501515579274154,Low,6371.485267688671
SHP-2024-0218,Import,2024-08-07,Electronics,Seoul, South Korea,Mumbai, India,220000,11000,4.5,On-Time,8,2,7,4.48945088744589,0.9653880127800879,High,212385.36281161933
SHP-2024-0219,Export,2024-08-08,Industrial Equipment,Mumbai, India,Singapore,Singapore,87000,4350,2.9,On-Time,8,3,8,2.9593761244311256,0.11090866698597171,Low,9649.054027779539
SHP-2024-0220,Import,2024-08-09,Textiles,Dhaka, Bangladesh,Mumbai, India,112000,5600,3.4,On-Time,8,4,9,3.433898502053502,0.14921195399644124,Low,16711.73884760142
SHP-2024-0221,Export,2024-08-10,Consumer Goods,Mumbai, India,Sydney, Australia,77000,3850,3.8,On-Time,8,5,10,3.6337601598075118,0.19479508424680764,Low,14999.221487004188
SHP-2024-0222,Import,2024-08-11,Electronics,Taipei, Taiwan,Mumbai, India,250000,12500,4.7,Delayed,8,6,11,4.70988921411921,0.9761766407290301,High,244044.16018225753
SHP-2024-0223,Export,2024-08-12,Industrial Equipment,Mumbai, India,Rotterdam, Netherlands,170000,8500,4.0,On-Time,8,0,12,4.039486215287976,0.3942222596481803,Low,67017.78414019065
SHP-2024-0224,Import,2024-08-13,Consumer Goods,Bangkok, Thailand,Mumbai, India,90000,4500,3.1,On-Time,8,1,13,3.133653189033188,0.042589386058184346,Low,3833.044745236591
SHP-2024-0225,Export,2024-08-14,Textiles,Mumbai, India,New York, USA,145000,7250,3.6,On-Time,8,2,14,3.636012357087355,0.05630620460223442,Low,8164.399667323991
SHP-2024-0226,Import,2024-08-15,Industrial Equipment,Genoa, Italy,Mumbai, India,230000,11500,5.2,On-Time,8,3,15,5.10399744755245,0.9963290017141535,High,229155.6703942553
SHP-2024-0227,Export,2024-08-16,Electronics,Mumbai, India,Los Angeles, USA,190000,9500,3.7,On-Time,8,4,16,3.7290753796203786,0.2517867293702512,Low,47839.47858034773
SHP-2024-0228,Import,2024-08-17,Textiles,Istanbul, Turkey,Mumbai, India,102000,5100,3.9,Delayed,8,5,17,3.825974866244865,0.2452458380106469,Low,25015.075477085982
SHP-2024-0229,Export,2024-08-18,Consumer Goods,Mumbai, India,Jeddah, Saudi Arabia,56000,2800,2.6,On-Time,8,6,18,2.6856257192807163,0.04692593702304697,Low,2627.8524732906303
SHP-2024-0230,Import,2024-08-19,Electronics,San Francisco, USA,Mumbai, India,260000,13000,4.8,On-Time,8,0,19,4.80702244866245,0.9925129118541642,High,258053.35708208272
SHP-2024-0231,Export,2024-08-20,Industrial Equipment,Mumbai, India,Durban, South Africa,118000,5900,4.3,On-Time,8,1,20,4.215451191031189,0.7430869137760069,High,87684.2558255688
SHP-2024-0232,Import,2024-08-21,Consumer Goods,Jakarta, Indonesia,Mumbai, India,65000,3250,3.3,On-Time,8,2,21,3.3309563636363646,0.010985999553494498,Low,714.0899709771423
SHP-2024-0233,Export,2024-08-22,Textiles,Mumbai, India,Lagos, Nigeria,82000,4100,4.1,On-Time,8,3,22,4.049683438783437,0.5883157619445456,Medium,48241.89247945274
SHP-2024-0234,Import,2024-08-23,Industrial Equipment,Yokohama, Japan,Mumbai, India,370000,18500,5.5,Delayed,8,4,23,5.4683808236208185,0.9974432975474465,High,369054.0200925552
SHP-2024-0235,Export,2024-08-24,Electronics,Mumbai, India,Mexico City, Mexico,145000,7250,4.6,On-Time,8,5,24,4.530658483183478,0.8646912693441816,High,125380.23405490634
SHP-2024-0236,Import,2024-08-25,Consumer Goods,Manila, Philippines,Mumbai, India,57000,2850,3.5,On-Time,8,6,25,3.3710680303030287,0.016687966326320615,Low,951.214080600275
SHP-2024-0237,Export,2024-08-26,Textiles,Mumbai, India,Cairo, Egypt,67000,3350,3.0,On-Time,8,0,26,3.070014038184037,0.045745461428533286,Low,3064.9459157117303
SHP-2024-0238,Import,2024-08-27,Electronics,Helsinki, Finland,Mumbai, India,195000,9750,4.4,On-Time,8,1,27,4.404843408813412,0.885885373819167,High,172747.64789473757
SHP-2024-0239,Export,2024-08-28,Consumer Goods,Mumbai, India,Rio de Janeiro, Brazil,87000,4350,5.0,On-Time,8,2,28,5.039259779109777,0.9477741591874027,High,82456.35184930403
SHP-2024-0240,Import,2024-08-29,Industrial Equipment,Busan, South Korea,Mumbai, India,320000,16000,5.3,Delayed,8,3,29,5.289682433677437,0.9909765367575322,High,317112.49176241027
SHP-2024-0241,Export,2024-08-30,Electronics,Mumbai, India,New York, USA,110000,5500,2.9,On-Time,8,4,30,3.005765389610387,0.11499813967616745,Low,12649.79536437842
SHP-2024-0242,Import,2024-08-31,Textiles,Shanghai, China,Mumbai, India,160000,8000,4.3,On-Time,8,5,31,4.348101778221776,0.8128055749792478,High,130048.89199667964
SHP-2024-0243,Export,2024-09-01,Consumer Goods,Mumbai, India,London, UK,62000,3100,2.6,On-Time,9,6,1,2.6384041874791877,0.05120319389147198,Low,3174.598021271263
SHP-2024-0244,Import,2024-09-02,Industrial Equipment,Hamburg, Germany,Mumbai, India,300000,15000,5.0,On-Time,9,0,2,5.018486948051948,0.992373272361771,High,297711.98170853127
SHP-2024-0245,Export,2024-09-03,Electronics,Mumbai, India,Tokyo, Japan,128000,6400,3.3,On-Time,9,1,3,3.3354102392052427,0.11173707721179232,Low,14302.345883109418
SHP-2024-0246,Import,2024-09-04,Consumer Goods,Ho Chi Minh City, Vietnam,Mumbai, India,79000,3950,2.8,On-Time,9,2,4,2.8092981457431505,0.02431282159433164,Low,1920.7129059521997
SHP-2024-0247,Export,2024-09-05,Textiles,Mumbai, India,Dubai, UAE,100000,5000,2.3,Delayed,9,3,5,2.4260314430014454,0.09026527691169318,Low,9026.527691169318
SHP-2024-0248,Import,2024-09-06,Electronics,Seoul, South Korea,Mumbai, India,225000,11250,4.6,On-Time,9,4,6,4.601263114663117,0.9673520685878778,High,217654.2154322725
SHP-2024-0249,Export,2024-09-07,Industrial Equipment,Mumbai, India,Singapore,Singapore,90000,4500,3.0,On-Time,9,5,7,3.0380688528138533,0.13105204862541303,Low,11794.684376287172
SHP-2024-0250,Import,2024-09-08,Textiles,Dhaka, Bangladesh,Mumbai, India,115000,5750,3.5,On-Time,9,6,8,3.5373994610944615,0.16434046836814534,Low,18899.153862336712
SHP-2024-0251,Export,2024-09-09,Consumer Goods,Mumbai, India,Sydney, Australia,80000,4000,3.9,On-Time,9,0,9,3.7459675424575436,0.19295688567674593,Low,15436.550854139674
SHP-2024-0252,Import,2024-09-10,Electronics,Taipei, Taiwan,Mumbai, India,255000,12750,4.8,On-Time,9,1,10,4.819749584304592,0.987003083367972,High,251685.78625883287
SHP-2024-0253,Export,2024-09-11,Industrial Equipment,Mumbai, India,Rotterdam, Netherlands,175000,8750,4.1,Delayed,9,2,11,4.1357155109922745,0.5877561748563236,Medium,102857.33059985662
SHP-2024-0254,Import,2024-09-12,Consumer Goods,Bangkok, Thailand,Mumbai, India,92000,4600,3.2,On-Time,9,3,12,3.250833202908203,0.038409197621789015,Low,3533.6461812045895
SHP-2024-0255,Export,2024-09-13,Textiles,Mumbai, India,New York, USA,150000,7500,3.7,On-Time,9,4,13,3.725834251271597,0.07765938129560157,Low,11648.907194340236
SHP-2024-0256,Import,2024-09-14,Industrial Equipment,Genoa, Italy,Mumbai, India,235000,11750,5.3,On-Time,9,5,14,5.228573176268182,0.9944322069029697,High,233691.5686221979
SHP-2024-0257,Export,2024-09-15,Electronics,Mumbai, India,Los Angeles, USA,195000,9750,3.8,On-Time,9,6,15,3.8349126739926716,0.2878613561284147,Low,56132.96444504086
SHP-2024-0258,Import,2024-09-16,Textiles,Istanbul, Turkey,Mumbai, India,105000,5250,4.0,On-Time,9,0,16,3.891554801309803,0.2907224817552551,Low,30525.860584301787
SHP-2024-0259,Export,2024-09-17,Consumer Goods,Mumbai, India,Jeddah, Saudi Arabia,58000,2900,2.7,Delayed,9,1,17,2.774343258408256,0.026037370579534966,Low,1510.167493613028
SHP-2024-0260,Import,2024-09-18,Electronics,San Francisco, USA,Mumbai, India,265000,13250,4.9,On-Time,9,2,18,4.9463677122877145,0.9964186970599495,High,264050.9547208866
SHP-2024-0261,Export,2024-09-19,Industrial Equipment,Mumbai, India,Durban, South Africa,122000,6100,4.4,On-Time,9,3,19,4.31986793262293,0.7761974332876258,High,94696.08686109034
SHP-2024-0262,Import,2024-09-20,Consumer Goods,Jakarta, Indonesia,Mumbai, India,67000,3350,3.4,On-Time,9,4,20,3.42230494949495,0.011581526775877704,Low,775.9622939838061
SHP-2024-0263,Export,2024-09-21,Textiles,Mumbai, India,Lagos, Nigeria,85000,4250,4.2,On-Time,9,5,21,4.154365747585745,0.665416572465115,Medium,56560.408659534776
SHP-2024-0264,Import,2024-09-22,Industrial Equipment,Yokohama, Japan,Mumbai, India,380000,19000,5.6,On-Time,9,6,22,5.609929847374845,0.9970784919467977,High,378889.8269397831
SHP-2024-0265,Export,2024-09-23,Electronics,Mumbai, India,Mexico City, Mexico,148000,7400,4.7,Delayed,9,0,23,4.635145109890107,0.8606067991492515,High,127369.80627408922
SHP-2024-0266,Import,2024-09-24,Consumer Goods,Manila, Philippines,Mumbai, India,59000,2950,3.6,On-Time,9,1,24,3.515354365079363,0.01139169984347633,Low,672.1102907651035
SHP-2024-0267,Export,2024-09-25,Textiles,Mumbai, India,Cairo, Egypt,69000,3450,3.1,On-Time,9,2,25,3.17188931235431,0.05225823671823886,Low,3605.8183335584813
SHP-2024-0268,Import,2024-09-26,Electronics,Helsinki, Finland,Mumbai, India,200000,10000,4.5,On-Time,9,3,26,4.509728488178487,0.9489728021618163,High,189794.56043236327
SHP-2024-0269,Export,2024-09-27,Consumer Goods,Mumbai, India,Rio de Janeiro, Brazil,90000,4500,5.1,On-Time,9,4,27,5.10085398545898,0.9438312156460703,High,84944.80940814634
SHP-2024-0270,Import,2024-09-28,Industrial Equipment,Busan, South Korea,Mumbai, India,325000,16250,5.4,On-Time,9,5,28,5.381816539016543,0.9943625780033184,High,323167.8378510785
SHP-2024-0271,Export,2024-09-29,Electronics,Mumbai, India,New York, USA,113000,5650,3.0,Delayed,9,6,29,3.086615069930069,0.13773318303156204,Low,15563.84968256651
SHP-2024-0272,Import,2024-09-30,Textiles,Shanghai, China,Mumbai, India,165000,8250,4.4,On-Time,9,0,30,4.428162802752802,0.8163239666371906,High,134693.45449513645
SHP-2024-0273,Export,2024-10-01,Consumer Goods,Mumbai, India,London, UK,64000,3200,2.7,On-Time,10,1,1,2.6866760561660574,0.04263077504099001,Low,2728.3696026233606
SHP-2024-0274,Import,2024-10-02,Industrial Equipment,Hamburg, Germany,Mumbai, India,305000,15250,5.1,On-Time,10,2,2,5.118061812631807,0.9940924774809761,High,303198.2056316977
SHP-2024-0275,Export,2024-10-03,Electronics,Mumbai, India,Tokyo, Japan,132000,6600,3.4,On-Time,10,3,3,3.470171985236988,0.14520738615133166,Low,19167.37497197578
SHP-2024-0276,Import,2024-10-04,Consumer Goods,Ho Chi Minh City, Vietnam,Mumbai, India,81000,4050,2.9,On-Time,10,4,4,2.8995912842712874,0.03682650404530518,Low,2982.9468276697194
SHP-2024-0277,Export,2024-10-05,Textiles,Mumbai, India,Dubai, UAE,103000,5150,2.4,On-Time,10,5,5,2.508139935064936,0.12001344523353157,Low,12361.384859053751
SHP-2024-0278,Import,2024-10-06,Electronics,Seoul, South Korea,Mumbai, India,230000,11500,4.7,Delayed,10,6,6,4.732595456765458,0.9611340705656154,High,221060.83623009155
SHP-2024-0279,Export,2024-10-07,Industrial Equipment,Mumbai, India,Singapore,Singapore,93000,4650,3.1,On-Time,10,0,7,3.1195866810966817,0.12261485210464591,Low,11403.18124573207
SHP-2024-0280,Import,2024-10-08,Textiles,Dhaka, Bangladesh,Mumbai, India,118000,5900,3.6,On-Time,10,1,8,3.604157123432122,0.17779596695004737,Low,20979.92410010559
SHP-2024-0281,Export,2024-10-09,Consumer Goods,Mumbai, India,Sydney, Australia,83000,4150,4.0,On-Time,10,2,9,3.8006509002108997,0.2809657454279174,Low,23320.156870517145
SHP-2024-0282,Import,2024-10-10,Electronics,Taipei, Taiwan,Mumbai, India,260000,13000,4.9,On-Time,10,3,10,4.89621456709957,0.9876388589939652,High,256786.10333843096
SHP-2024-0283,Export,2024-10-11,Industrial Equipment,Mumbai, India,Rotterdam, Netherlands,180000,9000,4.2,On-Time,10,4,11,4.188209615743736,0.6565921244822237,Medium,118186.58240680027
SHP-2024-0284,Import,2024-10-12,Consumer Goods,Bangkok, Thailand,Mumbai, India,95000,4750,3.3,Delayed,10,5,12,3.3252884570984578,0.06313574516089078,Low,5997.895790284624
SHP-2024-0285,Export,2024-10-13,Textiles,Mumbai, India,New York, USA,155000,7750,3.8,On-Time,10,6,13,3.838037217749566,0.10855913998820962,Low,16826.666698172492
SHP-2024-0286,Import,2024-10-14,Industrial Equipment,Genoa, Italy,Mumbai, India,240000,12000,5.4,On-Time,10,0,14,5.315709900654908,0.9944567187035727,High,238669.61248885744
SHP-2024-0287,Export,2024-10-15,Electronics,Mumbai, India,Los Angeles, USA,200000,10000,3.9,On-Time,10,1,15,3.923685495060495,0.3310024470282708,Low,66200.48940565417
SHP-2024-0288,Import,2024-10-16,Textiles,Istanbul, Turkey,Mumbai, India,108000,5400,4.1,On-Time,10,2,16,3.9738846625596635,0.4313297467448044,Medium,46583.61264843887
SHP-2024-0289,Export,2024-10-17,Consumer Goods,Mumbai, India,Jeddah, Saudi Arabia,60000,3000,2.8,On-Time,10,3,17,2.8633190881340873,0.0377921644071791,Low,2267.529864430746
SHP-2024-0290,Import,2024-10-18,Electronics,San Francisco, USA,Mumbai, India,270000,13500,5.0,Delayed,10,4,18,5.0343784365634265,0.9965837246651945,High,269077.6056596025
SHP-2024-0291,Export,2024-10-19,Industrial Equipment,Mumbai, India,Durban, South Africa,125000,6250,4.5,On-Time,10,5,19,4.400661085581084,0.7934410232361,High,99180.1279045125
SHP-2024-0292,Import,2024-10-20,Consumer Goods,Jakarta, Indonesia,Mumbai, India,69000,3450,3.5,On-Time,10,6,20,3.47656976911977,0.02717528829130143,Low,1875.0948920997987
SHP-2024-0293,Export,2024-10-21,Textiles,Mumbai, India,Lagos, Nigeria,88000,4400,4.3,On-Time,10,0,21,4.218610747030748,0.6725646400114615,Medium,59185.688321008616
SHP-2024-0294,Import,2024-10-22,Industrial Equipment,Yokohama, Japan,Mumbai, India,390000,19500,5.7,On-Time,10,1,22,5.677302625152628,0.9963364630985068,High,388571.22060841764
SHP-2024-0295,Export,2024-10-23,Electronics,Mumbai, India,Mexico City, Mexico,152000,7600,4.8,On-Time,10,2,23,4.7320219552669585,0.8790867259250504,High,133621.18234060766
SHP-2024-0296,Import,2024-10-24,Consumer Goods,Manila, Philippines,Mumbai, India,61000,3050,3.7,Delayed,10,3,24,3.592696346986345,0.02059579115738996,Low,1256.3432606007875
SHP-2024-0297,Export,2024-10-25,Textiles,Mumbai, India,Cairo, Egypt,71000,3550,3.2,On-Time,10,4,25,3.244480957930955,0.09068267642389519,Low,6438.470026096558
SHP-2024-0298,Import,2024-10-26,Electronics,Helsinki, Finland,Mumbai, India,205000,10250,4.6,On-Time,10,5,26,4.577817382062379,0.9491636517264037,High,194578.54860391276
SHP-2024-0299,Export,2024-10-27,Consumer Goods,Mumbai, India,Rio de Janeiro, Brazil,93000,4650,5.2,On-Time,10,6,27,5.127989461649456,0.9297175017639353,High,86463.72766404599
SHP-2024-0300,Import,2024-10-28,Industrial Equipment,Busan, South Korea,Mumbai, India,330000,16500,5.5,On-Time,10,0,28,5.467514360084364,0.9922083019251332,High,327428.73963529395
SHP-2024-0301,Export,2024-10-29,Electronics,Mumbai, India,New York, USA,116000,5800,3.1,On-Time,10,1,29,3.1465393556443533,0.15074416527897944,Low,17486.323172361615
SHP-2024-0302,Import,2024-10-30,Textiles,Shanghai, China,Mumbai, India,170000,8500,4.5,Delayed,10,2,30,4.497134285714284,0.8500587193614509,High,144509.98229144665
SHP-2024-0303,Export,2024-10-31,Consumer Goods,Mumbai, India,London, UK,66000,3300,2.8,On-Time,10,3,31,2.9332510173160165,0.09390146766012195,Low,6197.496865568049
SHP-2024-0304,Import,2024-11-01,Industrial Equipment,Hamburg, Germany,Mumbai, India,310000,15500,5.2,On-Time,11,4,1,5.193445620490616,0.993836128274627,High,308089.19976513437
SHP-2024-0305,Export,2024-11-02,Electronics,Mumbai, India,Tokyo, Japan,135000,6750,3.5,On-Time,11,5,2,3.520124322899324,0.1965323069854966,Low,26531.86144304204
SHP-2024-0306,Import,2024-11-03,Consumer Goods,Ho Chi Minh City, Vietnam,Mumbai, India,83000,4150,3.0,On-Time,11,6,3,3.0073115584415615,0.08306182083207006,Low,6894.131129061815
SHP-2024-0307,Export,2024-11-04,Textiles,Mumbai, India,Dubai, UAE,106000,5300,2.5,On-Time,11,0,4,2.5738819552669567,0.1324730303479959,Low,14042.141216887565
SHP-2024-0308,Import,2024-11-05,Electronics,Seoul, South Korea,Mumbai, India,235000,11750,4.8,On-Time,11,1,5,4.8016580952381,0.9687209898989346,High,227649.43262624965
SHP-2024-0309,Export,2024-11-06,Industrial Equipment,Mumbai, India,Singapore,Singapore,96000,4800,3.2,Delayed,11,2,6,3.1410063275613287,0.15224282099487962,Low,14615.310815508445
SHP-2024-0310,Import,2024-11-07,Textiles,Dhaka, Bangladesh,Mumbai, India,122000,6100,3.7,On-Time,11,3,7,3.6376497385947335,0.19242678593692633,Low,23476.067884305012
SHP-2024-0311,Export,2024-11-08,Consumer Goods,Mumbai, India,Sydney, Australia,86000,4300,4.1,On-Time,11,4,8,3.7682211155511136,0.42376469374583203,Medium,36443.76366214155
SHP-2024-0312,Import,2024-11-09,Electronics,Taipei, Taiwan,Mumbai, India,265000,13250,5.0,On-Time,11,5,9,4.998778275613268,0.97362121662405,High,258009.62240537326
SHP-2024-0313,Export,2024-11-10,Industrial Equipment,Mumbai, India,Rotterdam, Netherlands,185000,9250,4.3,On-Time,11,6,10,4.257040553694674,0.678125761413563,Medium,125453.26586150915
SHP-2024-0314,Import,2024-11-11,Consumer Goods,Bangkok, Thailand,Mumbai, India,98000,4900,3.4,On-Time,11,0,11,3.3685355988455976,0.07643023735307641,Low,7490.163260601488
SHP-2024-0315,Export,2024-11-12,Textiles,Mumbai, India,New York, USA,160000,8000,3.9,Delayed,11,1,12,3.914994953934953,0.1199627261466096,Low,19194.036183457538
SHP-2024-0316,Import,2024-11-13,Industrial Equipment,Genoa, Italy,Mumbai, India,245000,12250,5.5,On-Time,11,2,13,5.335338233988241,0.994864269098192,High,243741.74592905704
SHP-2024-0317,Export,2024-11-14,Electronics,Mumbai, India,Los Angeles, USA,205000,10250,4.0,On-Time,11,3,14,4.0037963608613625,0.3683981319402808,Low,75521.61704775757
SHP-2024-0318,Import,2024-11-15,Textiles,Istanbul, Turkey,Mumbai, India,112000,5600,4.2,On-Time,11,4,15,4.026064118659119,0.49068352669002063,Medium,54956.55498928231
SHP-2024-0319,Export,2024-11-16,Consumer Goods,Mumbai, India,Jeddah, Saudi Arabia,63000,3150,2.9,On-Time,11,5,16,2.9217311166611166,0.07521950568709682,Low,4738.828858287099
SHP-2024-0320,Import,2024-11-17,Electronics,San Francisco, USA,Mumbai, India,275000,13750,5.1,On-Time,11,6,17,5.071190702075691,0.9911974005246059,High,272579.2851442666
SHP-2024-0321,Export,2024-11-18,Industrial Equipment,Mumbai, India,Durban, South Africa,128000,6400,4.6,Delayed,11,0,18,4.42095916194916,0.7637056216441098,High,97754.31957044605
SHP-2024-0322,Import,2024-11-19,Consumer Goods,Jakarta, Indonesia,Mumbai, India,71000,3550,3.6,On-Time,11,1,19,3.5564421217671196,0.033995172266483284,Low,2413.657230920313
SHP-2024-0323,Export,2024-11-20,Textiles,Mumbai, India,Lagos, Nigeria,90000,4500,4.4,On-Time,11,2,20,4.253050209790211,0.6997135138933434,Medium,62974.2162504009
SHP-2024-0324,Import,2024-11-21,Industrial Equipment,Yokohama, Japan,Mumbai, India,400000,20000,5.8,On-Time,11,3,21,5.698147942612944,0.9979692715734206,High,399187.7086293683
SHP-2024-0325,Export,2024-11-22,Electronics,Mumbai, India,Mexico City, Mexico,155000,7750,4.9,On-Time,11,4,22,4.788190773670778,0.8774370585645471,High,136002.74407750482
SHP-2024-0326,Import,2024-11-23,Consumer Goods,Manila, Philippines,Mumbai, India,63000,3150,3.8,On-Time,11,5,23,3.6319140237540224,0.03791978290885049,Low,2388.946323257581
SHP-2024-0327,Export,2024-11-24,Textiles,Mumbai, India,Cairo, Egypt,73000,3650,3.3,Delayed,11,6,24,3.385587761682762,0.11628835184345454,Low,8489.049684572181
SHP-2024-0328,Import,2024-11-25,Electronics,Helsinki, Finland,Mumbai, India,210000,10500,4.7,On-Time,11,0,25,4.668487900987898,0.9550175695840742,High,200553.68961265558
SHP-2024-0329,Export,2024-11-26,Consumer Goods,Mumbai, India,Rio de Janeiro, Brazil,96000,4800,5.3,On-Time,11,1,26,5.125717874347869,0.9140006623116778,High,87744.06358192106
SHP-2024-0330,Import,2024-11-27,Industrial Equipment,Busan, South Korea,Mumbai, India,335000,16750,5.6,On-Time,11,2,27,5.557001313131313,0.9953446021196133,High,333440.4417100705
SHP-2024-0331,Export,2024-11-28,Electronics,Mumbai, India,New York, USA,119000,5950,3.2,On-Time,11,3,28,3.2175600410700396,0.16630517241659992,Low,19790.31551757539
SHP-2024-0332,Import,2024-11-29,Textiles,Shanghai, China,Mumbai, India,175000,8750,4.6,On-Time,11,4,29,4.553047447552444,0.8811219192346408,High,154196.33586606215
SHP-2024-0333,Export,2024-11-30,Consumer Goods,Mumbai, India,London, UK,68000,3400,2.9,Delayed,11,5,30,2.986167561327561,0.11032885419687385,Low,7502.362085387422
SHP-2024-0334,Import,2024-12-01,Industrial Equipment,Hamburg, Germany,Mumbai, India,315000,15750,5.3,On-Time,12,6,1,5.297878326118326,0.9918342022436687,High,312427.77370675566
SHP-2024-0335,Export,2024-12-02,Electronics,Mumbai, India,Tokyo, Japan,138000,6900,3.6,On-Time,12,0,2,3.579897364302365,0.18777306738238,Low,25912.68329876844
SHP-2024-0336,Import,2024-12-03,Consumer Goods,Ho Chi Minh City, Vietnam,Mumbai, India,85000,4250,3.1,On-Time,12,1,3,3.007676305916309,0.08970416178353344,Low,7624.853751600343
SHP-2024-0337,Export,2024-12-04,Textiles,Mumbai, India,Dubai, UAE,109000,5450,2.6,On-Time,12,2,4,2.640818376623378,0.1579549229876993,Low,17217.086605659224
SHP-2024-0338,Import,2024-12-05,Electronics,Seoul, South Korea,Mumbai, India,240000,12000,4.9,On-Time,12,3,5,4.838248066378075,0.9663377595309218,High,231921.06228742123
SHP-2024-0339,Export,2024-12-06,Industrial Equipment,Mumbai, India,Singapore,Singapore,99000,4950,3.3,On-Time,12,4,6,3.167927243867244,0.18493877949150858,Low,18308.93916965935
SHP-2024-0340,Import,2024-12-07,Textiles,Dhaka, Bangladesh,Mumbai, India,125000,6250,3.8,Delayed,12,5,7,3.687884897324894,0.20546809930192383,Low,25683.512412740478
SHP-2024-0341,Export,2024-12-08,Consumer Goods,Mumbai, India,Sydney, Australia,89000,4450,4.2,On-Time,12,6,8,3.7811113103563083,0.44558155759497803,Medium,39656.75862595304
SHP-2024-0342,Import,2024-12-09,Electronics,Taipei, Taiwan,Mumbai, India,270000,13500,5.1,On-Time,12,0,9,5.040684538239528,0.9831556601651875,High,265452.02824460063
SHP-2024-0343,Export,2024-12-10,Industrial Equipment,Mumbai, India,Rotterdam, Netherlands,190000,9500,4.4,On-Time,12,1,10,4.307924904931674,0.6655183158275482,Medium,126448.48000723415
SHP-2024-0344,Import,2024-12-11,Consumer Goods,Bangkok, Thailand,Mumbai, India,101000,5050,3.5,On-Time,12,2,11,3.40783901154401,0.08035203057486962,Low,8115.555088061831
SHP-2024-0345,Export,2024-12-12,Textiles,Mumbai, India,New York, USA,165000,8250,4.0,On-Time,12,3,12,3.926384981097333,0.13810414604184307,Low,22787.184096904108
SHP-2024-0346,Import,2024-12-13,Industrial Equipment,Genoa, Italy,Mumbai, India,250000,12500,5.6,Delayed,12,4,13,5.342127490842499,0.9944864913204143,High,248621.6228301036
SHP-2024-0347,Export,2024-12-14,Electronics,Mumbai, India,Los Angeles, USA,210000,10500,4.1,On-Time,12,5,14,4.055487710067709,0.4205299295204267,Medium,88311.28519928962
SHP-2024-0348,Import,2024-12-15,Textiles,Istanbul, Turkey,Mumbai, India,115000,5750,4.3,On-Time,12,6,15,4.055765121545122,0.49766132068333885,Medium,57231.05187858397
SHP-2024-0349,Export,2024-12-16,Consumer Goods,Mumbai, India,Jeddah, Saudi Arabia,65000,3250,3.0,On-Time,12,0,16,2.950709312909314,0.0697724337191412,Low,4535.208191744178
SHP-2024-0350,Import,2024-12-17,Electronics,San Francisco, USA,Mumbai, India,280000,14000,5.2,On-Time,12,1,17,5.081431320346311,0.994770351636604,High,278535.6984582491
SHP-2024-0351,Export,2024-12-18,Industrial Equipment,Mumbai, India,Durban, South Africa,132000,6600,4.7,On-Time,12,2,18,4.493674544344539,0.7807760050354758,High,103062.43266468281
SHP-2024-0352,Import,2024-12-19,Consumer Goods,Jakarta, Indonesia,Mumbai, India,73000,3650,3.7,Delayed,12,3,19,3.5933521217671203,0.041931857781225115,Low,3061.0256180294336
SHP-2024-0353,Export,2024-12-20,Textiles,Mumbai, India,Lagos, Nigeria,93000,4650,4.5,On-Time,12,4,20,4.267258305028306,0.7029221548138264,High,65371.76039768585
SHP-2024-0354,Import,2024-12-21,Industrial Equipment,Yokohama, Japan,Mumbai, India,410000,20500,5.9,On-Time,12,5,21,5.700759053724054,0.9970461060320588,High,408788.9034731441
SHP-2024-0355,Export,2024-12-22,Electronics,Mumbai, India,Mexico City, Mexico,158000,7900,5.0,On-Time,12,6,22,4.794397122877127,0.8651626157276903,High,136695.69328497507
SHP-2024-0356,Import,2024-12-23,Consumer Goods,Manila, Philippines,Mumbai, India,65000,3250,3.9,On-Time,12,0,23,3.6496729342879335,0.034110685400178954,Low,2217.194551011632
SHP-2024-0357,Export,2024-12-24,Textiles,Mumbai, India,Cairo, Egypt,75000,3750,3.4,On-Time,12,1,24,3.4326630863580854,0.11524345293989358,Low,8643.258970492017
SHP-2024-0358,Import,2024-12-25,Electronics,Helsinki, Finland,Mumbai, India,215000,10750,4.8,Delayed,12,2,25,4.718773470973471,0.9759481756415225,High,209828.85776292733
SHP-2024-0359,Export,2024-12-26,Consumer Goods,Mumbai, India,Rio de Janeiro, Brazil,99000,4950,5.4,On-Time,12,3,26,5.1274094616494565,0.9065194701704854,High,89745.42754687805
SHP-2024-0360,Import,2024-12-27,Industrial Equipment,Busan, South Korea,Mumbai, India,340000,17000,5.7,On-Time,12,4,27,5.5934299855699825,0.9949779354529468,High,338292.4980540019
SHP-2024-0361,Export,2024-12-28,Electronics,Mumbai, India,New York, USA,122000,6100,3.3,On-Time,12,5,28,3.293299871239871,0.1821087096172733,Low,22217.262573307344
SHP-2024-0362,Import,2024-12-29,Textiles,Shanghai, China,Mumbai, India,180000,9000,4.7,On-Time,12,6,29,4.5643506149406115,0.8998798116961634,High,161978.3661053094
SHP-2024-0363,Export,2024-12-30,Consumer Goods,Mumbai, India,London, UK,70000,3500,3.0,On-Time,12,0,30,3.023446075036075,0.158625301810962,Low,11103.771126767339
SHP-2024-0364,Import,2024-12-31,Industrial Equipment,Hamburg, Germany,Mumbai, India,320000,16000,5.4,Delayed,12,1,31,5.375081653901657,0.987783904067157,High,316090.84930149023
SHP-2025-0001,Export,2025-01-02,Electronics,Mumbai, India,New York, USA,86500,4325,2.1,On-Time,1,3,2,2.2582561155511183,0.02557596856801791,Low,2212.3212811335493
SHP-2025-0002,Import,2025-01-03,Textiles,Shanghai, China,Mumbai, India,122000,6100,3.5,On-Time,1,4,3,3.5007143278943276,0.20410217109954037,Low,24900.464874143927
SHP-2025-0003,Export,2025-01-04,Consumer Goods,Mumbai, India,London, UK,46500,2325,1.8,On-Time,1,5,4,1.9911443406593392,0.03079328311106302,Low,1431.8876646644305
SHP-2025-0004,Import,2025-01-05,Industrial Equipment,Hamburg, Germany,Mumbai, India,255000,12750,4.2,Delayed,1,6,5,4.388450382395382,0.973663995905004,High,248284.31895577602
SHP-2025-0005,Export,2025-01-06,Electronics,Mumbai, India,Tokyo, Japan,97000,4850,2.5,On-Time,1,0,6,2.5008751459651464,0.03607673254149698,Low,3499.443056525207
SHP-2025-0006,Import,2025-01-07,Consumer Goods,Ho Chi Minh City, Vietnam,Mumbai, India,61500,3075,2.0,On-Time,1,1,7,2.1005234215784196,0.016657180490800897,Low,1024.4166001842552
SHP-2025-0007,Export,2025-01-08,Textiles,Mumbai, India,Dubai, UAE,76500,3825,1.5,On-Time,1,2,8,1.81243093073593,0.025782493905482585,Low,1972.3607837694178
SHP-2025-0008,Import,2025-01-09,Electronics,Seoul, South Korea,Mumbai, India,183000,9150,3.8,On-Time,1,3,9,3.945313601953603,0.5604944778455355,Medium,102570.489445733
SHP-2025-0009,Export,2025-01-10,Industrial Equipment,Mumbai, India,Singapore,Singapore,66500,3325,2.2,On-Time,1,4,10,2.3725635470085478,0.026271725530009282,Low,1747.0697477456172
SHP-2025-0010,Import,2025-01-11,Textiles,Dhaka, Bangladesh,Mumbai, India,91500,4575,2.7,On-Time,1,5,11,2.8774854695304692,0.032826923088967265,Low,3003.663462640505
SHP-2025-0011,Export,2025-01-12,Consumer Goods,Mumbai, India,Sydney, Australia,56500,2825,3.1,Delayed,1,6,12,3.0128007364857377,0.07984536254703288,Low,4511.262983907358
SHP-2025-0012,Import,2025-01-13,Electronics,Taipei, Taiwan,Mumbai, India,214000,10700,4.0,On-Time,1,0,13,4.1411301992451985,0.8905244196944763,High,190572.2258146179
SHP-2025-0013,Export,2025-01-14,Industrial Equipment,Mumbai, India,Rotterdam, Netherlands,133000,6650,3.3,On-Time,1,1,14,3.47251988067488,0.17705271405386058,Low,23548.010969163457
SHP-2025-0014,Import,2025-01-15,Consumer Goods,Bangkok, Thailand,Mumbai, India,71500,3575,2.4,On-Time,1,2,15,2.647460043290041,0.017108949991641,Low,1223.2899244023315
SHP-2025-0015,Export,2025-01-16,Textiles,Mumbai, India,New York, USA,112000,5600,2.9,On-Time,1,3,16,3.0395494999445,0.02302237066028185,Low,2578.505513951567
SHP-2025-0016,Import,2025-01-17,Industrial Equipment,Genoa, Italy,Mumbai, India,194000,9700,4.5,On-Time,1,4,17,4.469810961260961,0.8815513961028516,High,171020.9708439532
SHP-2025-0017,Export,2025-01-18,Electronics,Mumbai, India,Los Angeles, USA,153000,7650,3.0,On-Time,1,5,18,3.2863128932178913,0.12896751729115882,Low,19732.030145547298
SHP-2025-0018,Import,2025-01-19,Textiles,Istanbul, Turkey,Mumbai, India,81500,4075,3.2,Delayed,1,6,19,3.302014493284492,0.12516183711064638,Low,10200.68972451768
SHP-2025-0019,Export,2025-01-20,Consumer Goods,Mumbai, India,Jeddah, Saudi Arabia,36500,1825,1.9,On-Time,1,0,20,2.162889408369409,0.041985486937714714,Low,1532.470273226587
SHP-2025-0020,Import,2025-01-21,Electronics,San Francisco, USA,Mumbai, India,224000,11200,4.1,On-Time,1,1,21,4.249894801864806,0.9354165534381137,High,209533.30797013748
SHP-2025-0021,Export,2025-01-22,Industrial Equipment,Mumbai, India,Durban, South Africa,97000,4850,3.6,On-Time,1,2,22,3.6455343362193346,0.32684786609155625,Low,31704.243010880957
SHP-2025-0022,Import,2025-01-23,Consumer Goods,Jakarta, Indonesia,Mumbai, India,49500,2475,2.6,On-Time,1,3,23,2.7428549039849037,0.01749111886109857,Low,865.8103836243793
SHP-2025-0023,Export,2025-01-24,Textiles,Mumbai, India,Lagos, Nigeria,66500,3325,3.4,On-Time,1,4,24,3.4554818015318003,0.13762769869773678,Low,9152.241963399496
SHP-2025-0024,Import,2025-01-25,Industrial Equipment,Yokohama, Japan,Mumbai, India,305000,15250,4.8,Delayed,1,5,25,4.890957872127873,0.9709101038132113,High,296127.58166302944
SHP-2025-0025,Export,2025-01-26,Electronics,Mumbai, India,Mexico City, Mexico,122000,6100,3.9,On-Time,1,6,26,3.9153159057608975,0.5873920724040259,Medium,71661.83283329116
SHP-2025-0026,Import,2025-01-27,Consumer Goods,Manila, Philippines,Mumbai, India,41500,2075,2.8,On-Time,1,0,27,2.8559189682539685,0.020037226044638784,Low,831.5448808525096
SHP-2025-0027,Export,2025-01-28,Textiles,Mumbai, India,Cairo, Egypt,51500,2575,2.3,On-Time,1,1,28,2.4787670829170843,0.027663130237733157,Low,1424.6512072432577
SHP-2025-0028,Import,2025-01-29,Electronics,Helsinki, Finland,Mumbai, India,163000,8150,3.7,On-Time,1,2,29,3.8964037279387282,0.43698118578877504,Medium,71227.93328357032
SHP-2025-0029,Export,2025-01-30,Consumer Goods,Mumbai, India,Rio de Janeiro, Brazil,71500,3575,4.3,On-Time,1,3,30,4.485232474747475,0.7345220838077613,High,52518.32899225493
SHP-2025-0030,Import,2025-01-31,Industrial Equipment,Busan, South Korea,Mumbai, India,284000,14200,4.6,On-Time,1,4,31,4.6513629148629185,0.96464041335298,High,273957.87739224633
SHP-2025-0031,Export,2025-02-01,Electronics,Mumbai, India,New York, USA,89500,4475,2.2,On-Time,2,5,1,2.3167746065046084,0.034902856139099846,Low,3123.805624449436
SHP-2025-0032,Import,2025-02-02,Textiles,Shanghai, China,Mumbai, India,127000,6350,3.6,On-Time,2,6,2,3.6210719758019763,0.22183552135320264,Low,28173.111211856736
SHP-2025-0033,Export,2025-02-03,Consumer Goods,Mumbai, India,London, UK,48500,2425,1.9,Delayed,2,0,3,2.009587609057607,0.026279866665054642,Low,1274.57353325515
SHP-2025-0034,Import,2025-02-04,Industrial Equipment,Hamburg, Germany,Mumbai, India,265000,13250,4.3,On-Time,2,1,4,4.434990988455988,0.9777320065270468,High,259098.9817296674
SHP-2025-0035,Export,2025-02-05,Electronics,Mumbai, India,Tokyo, Japan,101000,5050,2.6,On-Time,2,2,5,2.581471726051727,0.03252010570839955,Low,3284.530676548354
SHP-2025-0036,Import,2025-02-06,Consumer Goods,Ho Chi Minh City, Vietnam,Mumbai, India,64500,3225,2.1,On-Time,2,3,6,2.145689056499056,0.015189156348940438,Low,979.7005845066583
SHP-2025-0037,Export,2025-02-07,Textiles,Mumbai, India,Dubai, UAE,80500,4025,1.6,On-Time,2,4,7,1.833441158841158,0.035254670744304765,Low,2838.0009949165337
SHP-2025-0038,Import,2025-02-08,Electronics,Seoul, South Korea,Mumbai, India,190000,9500,3.9,On-Time,2,5,8,4.037342173382176,0.6428702860622052,Medium,122145.35435181898
SHP-2025-0039,Export,2025-02-09,Industrial Equipment,Mumbai, India,Singapore,Singapore,70500,3525,2.3,Delayed,2,6,9,2.3229352269952273,0.037839333852029075,Low,2667.6730365680496
SHP-2025-0040,Import,2025-02-10,Textiles,Dhaka, Bangladesh,Mumbai, India,95500,4775,2.8,On-Time,2,0,10,2.7745218764568755,0.029549049753152753,Low,2821.934251426088
SHP-2025-0041,Export,2025-02-11,Consumer Goods,Mumbai, India,Sydney, Australia,60500,3025,3.2,On-Time,2,1,11,3.0641816039516048,0.06048390554241717,Low,3659.276285316239
SHP-2025-0042,Import,2025-02-12,Electronics,Taipei, Taiwan,Mumbai, India,222000,11100,4.1,On-Time,2,2,12,4.183631440226441,0.9127845616546182,High,202638.17268732525
SHP-2025-0043,Export,2025-02-13,Industrial Equipment,Mumbai, India,Rotterdam, Netherlands,141000,7050,3.4,On-Time,2,3,13,3.553948820068821,0.17483538510153163,Low,24651.78929931596
SHP-2025-0044,Import,2025-02-14,Consumer Goods,Bangkok, Thailand,Mumbai, India,75500,3775,2.5,On-Time,2,4,14,2.6693879842379826,0.01629561731273367,Low,1230.3191071113922
SHP-2025-0045,Export,2025-02-15,Textiles,Mumbai, India,New York, USA,117000,5850,3.0,Delayed,2,5,15,3.1067837062937063,0.03244125301332763,Low,3795.6266025593322
SHP-2025-0046,Import,2025-02-16,Industrial Equipment,Genoa, Italy,Mumbai, India,202000,10100,4.6,On-Time,2,6,16,4.524239547119546,0.942197956877603,High,190323.9872892758
SHP-2025-0047,Export,2025-02-17,Electronics,Mumbai, India,Los Angeles, USA,161000,8050,3.1,On-Time,2,0,17,3.3168121789321767,0.07440137180807939,Low,11978.620861100782
SHP-2025-0048,Import,2025-02-18,Textiles,Istanbul, Turkey,Mumbai, India,85500,4275,3.3,On-Time,2,1,18,3.311295336885336,0.12137313330646014,Low,10377.402897702343
SHP-2025-0049,Export,2025-02-19,Consumer Goods,Mumbai, India,Jeddah, Saudi Arabia,40500,2025,2.0,On-Time,2,2,19,2.171056919191919,0.03167433494079803,Low,1282.8105651023202
SHP-2025-0050,Import,2025-02-20,Electronics,San Francisco, USA,Mumbai, India,232000,11600,4.2,On-Time,2,3,20,4.295564379509382,0.9473113478231256,High,219776.23269496515
SHP-2025-0051,Export,2025-02-21,Industrial Equipment,Mumbai, India,Durban, South Africa,100000,5000,3.7,On-Time,2,4,21,3.6484877056277036,0.35150709542431496,Low,35150.7095424315
SHP-2025-0052,Import,2025-02-22,Consumer Goods,Jakarta, Indonesia,Mumbai, India,52500,2625,2.7,On-Time,2,5,22,2.773425264735263,0.01655419339080596,Low,869.0951530173128
SHP-2025-0053,Export,2025-02-23,Textiles,Mumbai, India,Lagos, Nigeria,69500,3475,3.5,Delayed,2,6,23,3.4768423354423357,0.14317479456297613,Low,9950.648222126842
SHP-2025-0054,Import,2025-02-24,Industrial Equipment,Yokohama, Japan,Mumbai, India,315000,15750,4.9,On-Time,2,0,24,5.084999284049277,0.9737455907497891,High,306729.8610861836
SHP-2025-0055,Export,2025-02-25,Electronics,Mumbai, India,Mexico City, Mexico,126000,6300,4.0,On-Time,2,1,25,3.9814244122544067,0.6400261928267735,Medium,80643.30029617346
SHP-2025-0056,Import,2025-02-26,Consumer Goods,Manila, Philippines,Mumbai, India,44500,2225,2.9,On-Time,2,2,26,2.8912160101010103,0.01603123319972953,Low,713.3898773879641
SHP-2025-0057,Export,2025-02-27,Textiles,Mumbai, India,Cairo, Egypt,54500,2725,2.4,On-Time,2,3,27,2.6103959623709634,0.019300213960111,Low,1051.8616608260495
SHP-2025-0058,Import,2025-02-28,Electronics,Helsinki, Finland,Mumbai, India,168000,8400,3.8,On-Time,2,4,28,3.92099644078144,0.4689564301389347,Medium,78784.68026334103
SHP-2025-0059,Export,2025-03-01,Consumer Goods,Mumbai, India,Rio de Janeiro, Brazil,74500,3725,4.4,Delayed,3,5,1,4.325217438117438,0.665766748770365,Medium,49599.622783392195
SHP-2025-0060,Import,2025-03-02,Industrial Equipment,Busan, South Korea,Mumbai, India,292000,14600,4.7,On-Time,3,6,2,4.748235287490295,0.9654212413369888,High,281903.0024704007
SHP-2025-0061,Export,2025-03-03,Electronics,Mumbai, India,New York, USA,93500,4675,2.3,On-Time,3,0,3,2.3877306987456985,0.021758355799522795,Low,2034.4062672553814
SHP-2025-0062,Import,2025-03-04,Textiles,Shanghai, China,Mumbai, India,132000,6600,3.7,On-Time,3,1,4,3.681371470751471,0.2201694468600789,Low,29062.366985530414
SHP-2025-0063,Export,2025-03-05,Consumer Goods,Mumbai, India,London, UK,51500,2575,2.0,On-Time,3,2,5,2.0553270357420357,0.023617490239737044,Low,1216.3007473464577
SHP-2025-0064,Import,2025-03-06,Industrial Equipment,Hamburg, Germany,Mumbai, India,275000,13750,4.4,On-Time,3,3,6,4.479664155844158,0.9842655417211803,High,270673.02397332457
SHP-2025-0065,Export,2025-03-07,Electronics,Mumbai, India,Tokyo, Japan,107000,5350,2.7,On-Time,3,4,7,2.7279689105339116,0.04467918324637735,Low,4780.672607362377
SHP-2025-0066,Import,2025-03-08,Consumer Goods,Ho Chi Minh City, Vietnam,Mumbai, India,67500,3375,2.2,Delayed,3,5,8,2.2477576900876906,0.015995450134526933,Low,1079.6928840805679
SHP-2025-0067,Export,2025-03-09,Textiles,Mumbai, India,Dubai, UAE,84500,4225,1.7,On-Time,3,6,9,2.0490662770562778,0.05910176228618903,Low,4994.098913182973
SHP-2025-0068,Import,2025-03-10,Electronics,Seoul, South Korea,Mumbai, India,198000,9900,4.0,On-Time,3,0,10,4.098149157509158,0.7685079079963244,High,152164.56578327224
SHP-2025-0069,Export,2025-03-11,Industrial Equipment,Mumbai, India,Singapore,Singapore,73500,3675,2.4,On-Time,3,1,11,2.685247861582861,0.03302190351148477,Low,2427.1099080941303
SHP-2025-0070,Import,2025-03-12,Textiles,Dhaka, Bangladesh,Mumbai, India,99500,4975,2.9,On-Time,3,2,12,2.980199098679099,0.03336094814887468,Low,3319.4143408130303
SHP-2025-0071,Export,2025-03-13,Consumer Goods,Mumbai, India,Sydney, Australia,63500,3175,3.3,On-Time,3,3,13,3.2037396991896996,0.061096304079374525,Low,3879.615309040282
SHP-2025-0072,Import,2025-03-14,Electronics,Taipei, Taiwan,Mumbai, India,229000,11450,4.2,Delayed,3,4,14,4.2491991852591875,0.925995191654426,High,212052.89888886356
SHP-2025-0073,Export,2025-03-15,Industrial Equipment,Mumbai, India,Rotterdam, Netherlands,148000,7400,3.5,On-Time,3,5,15,3.6579230408480363,0.20421705485324476,Low,30224.124118280226
SHP-2025-0074,Import,2025-03-16,Consumer Goods,Bangkok, Thailand,Mumbai, India,79500,3975,2.6,On-Time,3,6,16,2.7857565223665217,0.02176458429346536,Low,1730.284451330496
SHP-2025-0075,Export,2025-03-17,Textiles,Mumbai, India,New York, USA,122000,6100,3.1,On-Time,3,0,17,3.2354167005217005,0.02952643403876384,Low,3602.2249527291883
SHP-2025-0076,Import,2025-03-18,Industrial Equipment,Genoa, Italy,Mumbai, India,209000,10450,4.7,On-Time,3,1,18,4.631933161838164,0.9677296516929574,High,202255.4972038281
SHP-2025-0077,Export,2025-03-19,Electronics,Mumbai, India,Los Angeles, USA,168000,8400,3.2,On-Time,3,2,19,3.3436020707070693,0.1500364004206505,Low,25206.115270669285
SHP-2025-0078,Import,2025-03-20,Textiles,Istanbul, Turkey,Mumbai, India,89500,4475,3.4,On-Time,3,3,20,3.4363689516039493,0.138227465931448,Low,12371.358200864595
SHP-2025-0079,Export,2025-03-21,Consumer Goods,Mumbai, India,Jeddah, Saudi Arabia,43500,2175,2.1,Delayed,3,4,21,2.1962675036075034,0.047935480830990064,Low,2085.1934161480676
SHP-2025-0080,Import,2025-03-22,Electronics,San Francisco, USA,Mumbai, India,239000,11950,4.3,On-Time,3,5,22,4.3629436868686895,0.9534698657685556,High,227879.2979186848
SHP-2025-0081,Export,2025-03-23,Industrial Equipment,Mumbai, India,Durban, South Africa,104000,5200,3.8,On-Time,3,6,23,3.7638953607503605,0.34221405001972377,Low,35590.261202051275
SHP-2025-0082,Import,2025-03-24,Consumer Goods,Jakarta, Indonesia,Mumbai, India,55500,2775,2.8,On-Time,3,0,24,2.844952203352204,0.014112089346186706,Low,783.2209587133622
SHP-2025-0083,Export,2025-03-25,Textiles,Mumbai, India,Lagos, Nigeria,72500,3625,3.6,On-Time,3,1,25,3.5701490526140516,0.17302452501792823,Low,12544.278063799797
SHP-2025-0084,Import,2025-03-26,Industrial Equipment,Yokohama, Japan,Mumbai, India,325000,16250,5.0,On-Time,3,2,26,5.146221325896318,0.9844703982731261,High,319952.879438766
SHP-2025-0085,Export,2025-03-27,Electronics,Mumbai, India,Mexico City, Mexico,130000,6500,4.1,Delayed,3,3,27,3.990548337218332,0.7037350822565526,High,91485.56069335183
SHP-2025-0086,Import,2025-03-28,Consumer Goods,Manila, Philippines,Mumbai, India,47500,2375,3.0,On-Time,3,4,28,2.9331535880785893,0.027752411233941628,Low,1318.2395336122272
SHP-2025-0087,Export,2025-03-29,Textiles,Mumbai, India,Cairo, Egypt,57500,2875,2.5,On-Time,3,5,29,2.661669692529692,0.03022896386517669,Low,1738.1654222476595
SHP-2025-0088,Import,2025-03-30,Electronics,Helsinki, Finland,Mumbai, India,173000,8650,3.9,On-Time,3,6,30,3.9638761449661457,0.5251817938128075,Medium,90856.45032961569
SHP-2025-0089,Export,2025-03-31,Consumer Goods,Mumbai, India,Rio de Janeiro, Brazil,77500,3875,4.5,On-Time,3,0,31,4.548178809523808,0.869200359470805,High,67363.02785898739
SHP-2025-0090,Import,2025-04-01,Industrial Equipment,Busan, South Korea,Mumbai, India,299000,14950,4.8,On-Time,4,1,1,4.812369696414704,0.9786387465219161,High,292612.9852100529
SHP-2025-0091,Export,2025-04-02,Electronics,Mumbai, India,New York, USA,96500,4825,2.4,On-Time,4,2,2,2.4543640231990214,0.018161217978917944,Low,1752.5575349655815
SHP-2025-0092,Import,2025-04-03,Textiles,Shanghai, China,Mumbai, India,137000,6850,3.8,Delayed,4,3,3,3.7408043056943088,0.23974848830172907,Low,32845.54289733688
SHP-2025-0093,Export,2025-04-04,Consumer Goods,Mumbai, India,London, UK,53500,2675,2.1,On-Time,4,4,4,2.154350167055165,0.026521192560134597,Low,1418.883801967201
SHP-2025-0094,Import,2025-04-05,Industrial Equipment,Hamburg, Germany,Mumbai, India,279000,13950,4.5,On-Time,4,5,5,4.56839846764347,0.992160921428859,High,276812.89707865164
SHP-2025-0095,Export,2025-04-06,Electronics,Mumbai, India,Tokyo, Japan,112000,5600,2.8,On-Time,4,6,6,2.9484717532467553,0.06694115748365913,Low,7497.409638169823
SHP-2025-0096,Import,2025-04-07,Consumer Goods,Ho Chi Minh City, Vietnam,Mumbai, India,69500,3475,2.3,On-Time,4,0,7,2.2997244794094804,0.014575315349827596,Low,1012.9844168130179
SHP-2025-0097,Export,2025-04-08,Textiles,Mumbai, India,Dubai, UAE,87500,4375,1.8,On-Time,4,1,8,1.900795461760461,0.04926244500202594,Low,4310.463937677269
SHP-2025-0098,Import,2025-04-09,Electronics,Seoul, South Korea,Mumbai, India,203000,10150,4.1,Delayed,4,2,9,4.145188737373734,0.8454962190113219,High,171635.73245929834
SHP-2025-0099,Export,2025-04-10,Industrial Equipment,Mumbai, India,Singapore,Singapore,76500,3825,2.5,On-Time,4,3,10,2.5647277605727616,0.0360554755708161,Low,2758.2438811674315
SHP-2025-0100,Import,2025-04-11,Textiles,Dhaka, Bangladesh,Mumbai, India,101000,5050,3.0,On-Time,4,4,11,3.0329979659229656,0.029709883553114352,Low,3000.6982388645497
SHP-2025-0101,Export,2025-04-12,Consumer Goods,Mumbai, India,Sydney, Australia,66500,3325,3.4,On-Time,4,5,12,3.3266645476745453,0.07117214292337921,Low,4732.947504404718
SHP-2025-0102,Import,2025-04-13,Electronics,Taipei, Taiwan,Mumbai, India,233000,11650,4.3,On-Time,4,6,13,4.359498221223223,0.9474825638202298,High,220763.43737011353
SHP-2025-0103,Export,2025-04-14,Industrial Equipment,Mumbai, India,Rotterdam, Netherlands,151000,7550,3.6,On-Time,4,0,14,3.6989829509379457,0.1990765385378623,Low,30060.55731921721
SHP-2025-0104,Import,2025-04-15,Consumer Goods,Bangkok, Thailand,Mumbai, India,81500,4075,2.7,Delayed,4,1,15,2.7759976895326877,0.017936031403573728,Low,1461.7865593912588
SHP-2025-0105,Export,2025-04-16,Textiles,Mumbai, India,New York, USA,127000,6350,3.2,On-Time,4,2,16,3.2711935003884984,0.028011468815601993,Low,3557.456539581453
SHP-2025-0106,Import,2025-04-17,Industrial Equipment,Genoa, Italy,Mumbai, India,213000,10650,4.8,On-Time,4,3,17,4.70773677655678,0.9914972626100107,High,211188.91693593227
SHP-2025-0107,Export,2025-04-18,Electronics,Mumbai, India,Los Angeles, USA,171000,8550,3.3,On-Time,4,4,18,3.331847813852812,0.13992259323881115,Low,23926.763443836706
SHP-2025-0108,Import,2025-04-19,Textiles,Istanbul, Turkey,Mumbai, India,91500,4575,3.5,On-Time,4,5,19,3.46733444222444,0.13223245868696196,Low,12099.26996985702
SHP-2025-0109,Export,2025-04-20,Consumer Goods,Mumbai, India,Jeddah, Saudi Arabia,46500,2325,2.2,On-Time,4,6,20,2.242566962481962,0.04618178511352761,Low,2147.4530077790337
SHP-2025-0110,Import,2025-04-21,Electronics,San Francisco, USA,Mumbai, India,243000,12150,4.4,Delayed,4,0,21,4.427530195360199,0.9726431732751051,High,236352.29110585054
SHP-2025-0111,Export,2025-04-22,Industrial Equipment,Mumbai, India,Durban, South Africa,106000,5300,3.9,On-Time,4,1,22,3.8185125036075034,0.3391511446620327,Low,35950.02133417547
SHP-2025-0112,Import,2025-04-23,Consumer Goods,Jakarta, Indonesia,Mumbai, India,57500,2875,2.9,On-Time,4,2,23,2.963729932844933,0.00921071450796976,Low,529.6160842082612
SHP-2025-0113,Export,2025-04-24,Textiles,Mumbai, India,Lagos, Nigeria,74500,3725,3.7,On-Time,4,3,24,3.6311970251970216,0.17847794022485847,Low,13296.606546751957
SHP-2025-0114,Import,2025-04-25,Industrial Equipment,Yokohama, Japan,Mumbai, India,335000,16750,5.1,On-Time,4,4,25,5.2102785841935795,0.9946795803191503,High,333217.65940691537
SHP-2025-0115,Export,2025-04-26,Electronics,Mumbai, India,Mexico City, Mexico,134000,6700,4.2,On-Time,4,5,26,4.128062928737926,0.7416660753208358,High,99383.254092992
SHP-2025-0116,Import,2025-04-27,Consumer Goods,Manila, Philippines,Mumbai, India,49500,2475,3.1,Delayed,4,6,27,3.02742347985348,0.0158472902062642,Low,784.440865210078
SHP-2025-0117,Export,2025-04-28,Textiles,Mumbai, India,Cairo, Egypt,59500,2975,2.6,On-Time,4,0,28,2.7367433932733918,0.025197297541018102,Low,1499.2392036905771
SHP-2025-0118,Import,2025-04-29,Electronics,Helsinki, Finland,Mumbai, India,177000,8850,4.0,On-Time,4,1,29,4.011478242868246,0.5580041338086071,Medium,98766.73168412346
SHP-2025-0119,Export,2025-04-30,Consumer Goods,Mumbai, India,Rio de Janeiro, Brazil,79500,3975,4.6,On-Time,4,2,30,4.580284675324672,0.9010340797527786,High,71632.2093403459
SHP-2025-0120,Import,2025-05-01,Industrial Equipment,Busan, South Korea,Mumbai, India,303000,15150,4.9,On-Time,5,3,1,4.918346990231993,0.9852521549786292,High,298531.40295852465
SHP-2025-0121,Export,2025-05-02,Electronics,Mumbai, India,New York, USA,99500,4975,2.5,On-Time,5,4,2,2.5706282634032624,0.027169524690677335,Low,2703.367706722395
SHP-2025-0122,Import,2025-05-03,Textiles,Shanghai, China,Mumbai, India,142000,7100,3.9,On-Time,5,5,3,3.8545697258297253,0.2984407853708649,Low,42378.59152266281
SHP-2025-0123,Export,2025-05-04,Consumer Goods,Mumbai, India,London, UK,55500,2775,2.2,Delayed,5,6,4,2.253242690087687,0.033312867788219555,Low,1848.8641622461853
SHP-2025-0124,Import,2025-05-05,Industrial Equipment,Hamburg, Germany,Mumbai, India,283000,14150,4.6,On-Time,5,0,5,4.676492222777223,0.9928744175035665,High,280983.46015350934
SHP-2025-0125,Export,2025-05-06,Electronics,Mumbai, India,Tokyo, Japan,117000,5850,2.9,On-Time,5,1,6,3.0452507070707076,0.049170213378886385,Low,5752.914965329707
SHP-2025-0126,Import,2025-05-07,Consumer Goods,Ho Chi Minh City, Vietnam,Mumbai, India,71500,3575,2.4,On-Time,5,2,7,2.42597740925741,0.01462698198287831,Low,1045.8292117757992
SHP-2025-0127,Export,2025-05-08,Textiles,Mumbai, India,Dubai, UAE,90500,4525,1.9,On-Time,5,3,8,2.0145153246753233,0.046929630039210975,Low,4247.131518548593
SHP-2025-0128,Import,2025-05-09,Electronics,Seoul, South Korea,Mumbai, India,207000,10350,4.2,On-Time,5,4,9,4.190476550671551,0.875719539906464,High,181273.94476063806
SHP-2025-0129,Export,2025-05-10,Industrial Equipment,Mumbai, India,Singapore,Singapore,79500,3975,2.6,Delayed,5,5,10,2.6668409756909774,0.044641998536565766,Low,3549.038883656978
SHP-2025-0130,Import,2025-05-11,Textiles,Dhaka, Bangladesh,Mumbai, India,104000,5200,3.1,On-Time,5,6,11,3.121952713397713,0.040303840802154274,Low,4191.599443424045
SHP-2025-0131,Export,2025-05-12,Consumer Goods,Mumbai, India,Sydney, Australia,69500,3475,3.5,On-Time,5,0,12,3.332037002442002,0.07001374623260062,Low,4865.955363165743
SHP-2025-0132,Import,2025-05-13,Electronics,Taipei, Taiwan,Mumbai, India,237000,11850,4.4,On-Time,5,1,13,4.452846056721058,0.9756182242735358,High,231221.519152828
SHP-2025-0133,Export,2025-05-14,Industrial Equipment,Mumbai, India,Rotterdam, Netherlands,154000,7700,3.7,On-Time,5,2,14,3.7624037273837243,0.21721179182046588,Low,33450.615940351745
SHP-2025-0134,Import,2025-05-15,Consumer Goods,Bangkok, Thailand,Mumbai, India,83500,4175,2.8,On-Time,5,3,15,2.878280518370515,0.022090759418804583,Low,1844.5784114701826
SHP-2025-0135,Export,2025-05-16,Textiles,Mumbai, India,New York, USA,132000,6600,3.3,Delayed,5,4,16,3.361631487401487,0.03929742901547987,Low,5187.260630043343
SHP-2025-0136,Import,2025-05-17,Industrial Equipment,Genoa, Italy,Mumbai, India,217000,10850,4.9,On-Time,5,5,17,4.7877337318237325,0.9941055852326682,High,215720.911995489
SHP-2025-0137,Export,2025-05-18,Electronics,Mumbai, India,Los Angeles, USA,174000,8700,3.4,On-Time,5,6,18,3.389273672438673,0.1919049929843857,Low,33391.46877928311
SHP-2025-0138,Import,2025-05-19,Textiles,Istanbul, Turkey,Mumbai, India,93500,4675,3.6,On-Time,5,0,19,3.563610892995893,0.13963762812536668,Low,13056.118229721784
SHP-2025-0139,Export,2025-05-20,Consumer Goods,Mumbai, India,Jeddah, Saudi Arabia,49500,2475,2.3,On-Time,5,1,20,2.3071896320346323,0.038101037626857175,Low,1886.0013625294303
SHP-2025-0140,Import,2025-05-21,Electronics,San Francisco, USA,Mumbai, India,247000,12350,4.5,On-Time,5,2,21,4.517360419025416,0.9943263400016392,High,245598.6059804049
SHP-2025-0141,Export,2025-05-22,Industrial Equipment,Mumbai, India,Durban, South Africa,108000,5400,4.0,Delayed,5,3,22,3.904880195360195,0.392363768363116,Low,42375.28698321652
SHP-2025-0142,Import,2025-05-23,Consumer Goods,Jakarta, Indonesia,Mumbai, India,59500,2975,3.0,On-Time,5,4,23,3.076801031746033,0.009044525735093165,Low,538.1492812380433
SHP-2025-0143,Export,2025-05-24,Textiles,Mumbai, India,Lagos, Nigeria,76500,3825,3.8,On-Time,5,5,24,3.701173509268507,0.25059459218552316,Low,19170.486302192523
SHP-2025-0144,Import,2025-05-25,Industrial Equipment,Yokohama, Japan,Mumbai, India,345000,17250,5.2,On-Time,5,6,25,5.243980432900429,0.9953988947916743,High,343412.61870312766
SHP-2025-0145,Export,2025-05-26,Electronics,Mumbai, India,Mexico City, Mexico,137000,6850,4.3,On-Time,5,0,26,4.19675203019203,0.7704033992992073,High,105545.2657039914
SHP-2025-0146,Import,2025-05-27,Consumer Goods,Manila, Philippines,Mumbai, India,51500,2575,3.2,On-Time,5,1,27,3.083392866577868,0.013121510841701971,Low,675.7578083476516
SHP-2025-0147,Export,2025-05-28,Textiles,Mumbai, India,Cairo, Egypt,61500,3075,2.7,Delayed,5,2,28,2.8118846775446773,0.0228707102394308,Low,1406.5486797249941
SHP-2025-0148,Import,2025-05-29,Electronics,Helsinki, Finland,Mumbai, India,181000,9050,4.1,On-Time,5,3,29,4.089371363081367,0.7076145123652114,High,128078.22673810327
SHP-2025-0149,Export,2025-05-30,Consumer Goods,Mumbai, India,Rio de Janeiro, Brazil,81500,4075,4.7,On-Time,5,4,30,4.6289179004328975,0.9196178180016873,High,74948.85216713752
SHP-2025-0150,Import,2025-05-31,Industrial Equipment,Busan, South Korea,Mumbai, India,307000,15350,5.0,On-Time,5,5,31,4.976647215562215,0.9861586225458957,High,302750.69712158997
SHP-2025-0151,Export,2025-06-01,Electronics,Mumbai, India,New York, USA,102500,5125,2.6,On-Time,6,6,1,2.658909372294373,0.03495542685969549,Low,3582.931253118788
SHP-2025-0152,Import,2025-06-02,Textiles,Shanghai, China,Mumbai, India,147000,7350,4.0,On-Time,6,0,2,3.9128956349206323,0.40568843168711777,Medium,59636.19945800631
SHP-2025-0153,Export,2025-06-03,Consumer Goods,Mumbai, India,London, UK,57500,2875,2.3,On-Time,6,1,3,2.36648662226662,0.020944068445809025,Low,1204.283935634019
SHP-2025-0154,Import,2025-06-04,Industrial Equipment,Hamburg, Germany,Mumbai, India,287000,14350,4.7,Delayed,6,2,4,4.735836293151289,0.9952776053067542,High,285644.6727230385
SHP-2025-0155,Export,2025-06-05,Electronics,Mumbai, India,Tokyo, Japan,120000,6000,3.0,On-Time,6,3,5,3.113731746031747,0.05462150164358707,Low,6554.580197230448
SHP-2025-0156,Import,2025-06-06,Consumer Goods,Ho Chi Minh City, Vietnam,Mumbai, India,73500,3675,2.5,On-Time,6,4,6,2.5412736186036176,0.020057394390938572,Low,1474.218487733985
SHP-2025-0157,Export,2025-06-07,Textiles,Mumbai, India,Dubai, UAE,93500,4675,2.0,On-Time,6,5,7,2.114225764790765,0.04459136347808996,Low,4169.292485201411
SHP-2025-0158,Import,2025-06-08,Electronics,Seoul, South Korea,Mumbai, India,212000,10600,4.3,On-Time,6,6,8,4.271550927405929,0.8901419880807717,High,188710.1014731236
SHP-2025-0159,Export,2025-06-09,Industrial Equipment,Mumbai, India,Singapore,Singapore,82500,4125,2.7,On-Time,6,0,9,2.7381754245754264,0.05497602453627091,Low,4535.52202424235
SHP-2025-0160,Import,2025-06-10,Textiles,Dhaka, Bangladesh,Mumbai, India,107000,5350,3.2,Delayed,6,1,10,3.1328196470196468,0.05370881394941461,Low,5746.843092587364
SHP-2025-0161,Export,2025-06-11,Consumer Goods,Mumbai, India,Sydney, Australia,72500,3625,3.6,On-Time,6,2,11,3.4955175357975348,0.12005341257193117,Low,8703.87241146501
SHP-2025-0162,Import,2025-06-12,Electronics,Taipei, Taiwan,Mumbai, India,242000,12100,4.5,On-Time,6,3,12,4.537563268398265,0.9815270157725449,High,237529.53781695585
SHP-2025-0163,Export,2025-06-13,Industrial Equipment,Mumbai, India,Rotterdam, Netherlands,163000,8150,3.8,On-Time,6,4,13,3.8615748135198125,0.2646867503577632,Low,43143.940308315396
SHP-2025-0164,Import,2025-06-14,Consumer Goods,Bangkok, Thailand,Mumbai, India,86500,4325,2.9,On-Time,6,5,14,2.9552411316461313,0.029178525346670203,Low,2523.9424424869726
SHP-2025-0165,Export,2025-06-15,Textiles,Mumbai, India,New York, USA,137000,6850,3.4,On-Time,6,6,15,3.4570945732045737,0.046467813178771966,Low,6366.090405491759
SHP-2025-0166,Import,2025-06-16,Industrial Equipment,Genoa, Italy,Mumbai, India,222000,11100,5.0,Delayed,6,0,16,4.8897236507936475,0.9924802116245622,High,220330.6069806528
SHP-2025-0167,Export,2025-06-17,Electronics,Mumbai, India,Los Angeles, USA,183000,9150,3.5,On-Time,6,1,17,3.5008614618714597,0.19480181397092713,Low,35648.731956679665
SHP-2025-0168,Import,2025-06-18,Textiles,Istanbul, Turkey,Mumbai, India,97500,4875,3.7,On-Time,6,2,18,3.64588238039738,0.15164840705232205,Low,14785.7196876014
SHP-2025-0169,Export,2025-06-19,Consumer Goods,Mumbai, India,Jeddah, Saudi Arabia,52500,2625,2.4,On-Time,6,3,19,2.451007193362192,0.026903133671443466,Low,1412.414517750782
SHP-2025-0170,Import,2025-06-20,Electronics,San Francisco, USA,Mumbai, India,252000,12600,4.6,On-Time,6,4,20,4.592650999555989,0.9944757046750448,High,250607.87757811128
SHP-2025-0171,Export,2025-06-21,Industrial Equipment,Mumbai, India,Durban, South Africa,114000,5700,4.1,On-Time,6,5,21,4.095713525363522,0.6342937452501216,Medium,72309.48695851387
SHP-2025-0172,Import,2025-06-22,Consumer Goods,Jakarta, Indonesia,Mumbai, India,62500,3125,3.1,Delayed,6,6,22,3.1851204761904763,0.014090431509990536,Low,880.6519693744085
SHP-2025-0173,Export,2025-06-23,Textiles,Mumbai, India,Lagos, Nigeria,79500,3975,3.9,On-Time,6,0,23,3.867784255189252,0.2801659494743001,Low,22273.19298320686
SHP-2025-0174,Import,2025-06-24,Industrial Equipment,Yokohama, Japan,Mumbai, India,355000,17750,5.3,On-Time,6,1,24,5.280760317460317,0.9942727814004756,High,352966.83739716886
SHP-2025-0175,Export,2025-06-25,Electronics,Mumbai, India,Mexico City, Mexico,140000,7000,4.4,On-Time,6,2,25,4.324042182817181,0.8224826028202039,High,115147.56439482854
SHP-2025-0176,Import,2025-06-26,Consumer Goods,Manila, Philippines,Mumbai, India,54500,2725,3.3,On-Time,6,3,26,3.2137330158730197,0.011156997497683983,Low,608.0563636237771
SHP-2025-0177,Export,2025-06-27,Textiles,Mumbai, India,Cairo, Egypt,64500,3225,2.8,On-Time,6,4,27,2.9008426140526122,0.020505210658176183,Low,1322.5860874523637
SHP-2025-0178,Import,2025-06-28,Electronics,Helsinki, Finland,Mumbai, India,187000,9350,4.2,Delayed,6,5,28,4.2152944411144455,0.7814683643226804,High,146134.58412834123
SHP-2025-0179,Export,2025-06-29,Consumer Goods,Mumbai, India,Rio de Janeiro, Brazil,84500,4225,4.8,On-Time,6,6,29,4.833996467976466,0.9231449146271157,High,78005.74528599127
SHP-2025-0180,Import,2025-06-30,Industrial Equipment,Busan, South Korea,Mumbai, India,312000,15600,5.1,On-Time,6,0,30,5.044907604062598,0.9848696125741531,High,307279.31912313576
SHP-2025-0181,Export,2025-07-01,Electronics,Mumbai, India,New York, USA,105500,5275,2.7,On-Time,7,1,1,2.7245832972582957,0.024132200385461097,Low,2545.9471406661455
SHP-2025-0182,Import,2025-07-02,Textiles,Shanghai, China,Mumbai, India,152000,7600,4.1,On-Time,7,2,2,4.0030241269841245,0.6576403624409379,Medium,99961.33509102257
SHP-2025-0183,Export,2025-07-03,Consumer Goods,Mumbai, India,London, UK,59500,2975,2.4,On-Time,7,3,3,2.454393634143633,0.023589101196282953,Low,1403.5515211788356
SHP-2025-0184,Import,2025-07-04,Industrial Equipment,Hamburg, Germany,Mumbai, India,292000,14600,4.8,On-Time,7,4,4,4.845853227883229,0.993860611842702,High,290207.298658069
SHP-2025-0185,Export,2025-07-05,Electronics,Mumbai, India,Tokyo, Japan,124000,6200,3.1,Delayed,7,5,5,3.2265942857142886,0.07434296750012327,Low,9218.527970015286
SHP-2025-0186,Import,2025-07-06,Consumer Goods,Ho Chi Minh City, Vietnam,Mumbai, India,76500,3825,2.6,On-Time,7,6,6,2.6406599733599765,0.027952192450022343,Low,2138.3427224267093
SHP-2025-0187,Export,2025-07-07,Textiles,Mumbai, India,Dubai, UAE,96500,4825,2.1,On-Time,7,0,7,2.245110800865801,0.039550274283875815,Low,3816.601468394016
SHP-2025-0188,Import,2025-07-08,Electronics,Seoul, South Korea,Mumbai, India,217000,10850,4.4,On-Time,7,1,8,4.397983513708518,0.9524920344397703,High,206690.77147343016
SHP-2025-0189,Export,2025-07-09,Industrial Equipment,Mumbai, India,Singapore,Singapore,85500,4275,2.8,On-Time,7,2,9,2.868090750360752,0.06953945719883403,Low,5945.62359050031
SHP-2025-0190,Import,2025-07-10,Textiles,Dhaka, Bangladesh,Mumbai, India,110000,5500,3.3,On-Time,7,3,10,3.2536502458652463,0.10703008095194212,Low,11773.308904713633
SHP-2025-0191,Export,2025-07-11,Consumer Goods,Mumbai, India,Sydney, Australia,75500,3775,3.7,Delayed,7,4,11,3.5651482195255717,0.15725930776137087,Low,11873.077735983501
SHP-2025-0192,Import,2025-07-12,Electronics,Taipei, Taiwan,Mumbai, India,247000,12350,4.6,On-Time,7,5,12,4.628073734043727,0.9727603298368889,High,240271.80146971156
SHP-2025-0193,Export,2025-07-13,Industrial Equipment,Mumbai, India,Rotterdam, Netherlands,167000,8350,3.9,On-Time,7,6,13,3.929761979654331,0.30399753521718686,Low,50767.58838127021
SHP-2025-0194,Import,2025-07-14,Consumer Goods,Bangkok, Thailand,Mumbai, India,89500,4475,3.0,On-Time,7,0,14,3.0517021850371866,0.03578817781866813,Low,3203.0419147707976
SHP-2025-0195,Export,2025-07-15,Textiles,Mumbai, India,New York, USA,142000,7100,3.5,On-Time,7,1,15,3.559556397491396,0.038797565511076736,Low,5509.254302572896
SHP-2025-0196,Import,2025-07-16,Industrial Equipment,Genoa, Italy,Mumbai, India,227000,11350,5.1,On-Time,7,2,16,4.980421457431458,0.9957164781137698,High,226027.64053182575
SHP-2025-0197,Export,2025-07-17,Electronics,Mumbai, India,Los Angeles, USA,187000,9350,3.6,Delayed,7,3,17,3.5899924070374034,0.19940141018081745,Low,37288.06370381286
SHP-2025-0198,Import,2025-07-18,Textiles,Istanbul, Turkey,Mumbai, India,100500,5025,3.8,On-Time,7,4,18,3.739615284160285,0.18989126982766166,Low,19084.072617679998
SHP-2025-0199,Export,2025-07-19,Consumer Goods,Mumbai, India,Jeddah, Saudi Arabia,55500,2775,2.5,On-Time,7,5,19,2.6453427466977435,0.03403810530129873,Low,1889.1148442220795
SHP-2025-0200,Import,2025-07-20,Electronics,San Francisco, USA,Mumbai, India,257000,12850,4.7,On-Time,7,6,20,4.6917265373515304,0.9896579570559738,High,254342.09496338526
SHP-2025-0201,Export,2025-07-21,Industrial Equipment,Mumbai, India,Durban, South Africa,117000,5850,4.2,On-Time,7,0,21,4.16477326173826,0.6601733853847753,Medium,77240.28609001871
SHP-2025-0202,Import,2025-07-22,Consumer Goods,Jakarta, Indonesia,Mumbai, India,64500,3225,3.2,On-Time,7,1,22,3.2618561616161648,0.009595087847845948,Low,618.8831661860637
SHP-2025-0203,Export,2025-07-23,Textiles,Mumbai, India,Lagos, Nigeria,81500,4075,4.0,Delayed,7,2,23,3.9757711022311004,0.4133013085286017,Medium,33684.05664508104
SHP-2025-0204,Import,2025-07-24,Industrial Equipment,Yokohama, Japan,Mumbai, India,365000,18250,5.4,On-Time,7,3,24,5.372530735930736,0.9961149197955551,High,363581.9457253776
SHP-2025-0205,Export,2025-07-25,Electronics,Mumbai, India,Mexico City, Mexico,144000,7200,4.5,On-Time,7,4,25,4.430000956265956,0.8543303503078868,High,123023.57044433571
SHP-2025-0206,Import,2025-07-26,Consumer Goods,Manila, Philippines,Mumbai, India,56500,2825,3.4,On-Time,7,5,26,3.2928840764790777,0.014173320390477463,Low,800.7926020619766
SHP-2025-0207,Export,2025-07-27,Textiles,Mumbai, India,Cairo, Egypt,66500,3325,2.9,On-Time,7,6,27,2.9541278521478507,0.031496010020640695,Low,2094.484666372606
SHP-2025-0208,Import,2025-07-28,Electronics,Helsinki, Finland,Mumbai, India,192000,9600,4.3,On-Time,7,0,28,4.335287723387725,0.8499352082428148,High,163187.55998262044
SHP-2025-0209,Export,2025-07-29,Consumer Goods,Mumbai, India,Rio de Janeiro, Brazil,86500,4325,4.9,Delayed,7,1,29,4.978291720501719,0.9319449947288839,High,80613.24204404846
SHP-2025-0210,Import,2025-07-30,Industrial Equipment,Busan, South Korea,Mumbai, India,317000,15850,5.2,On-Time,7,2,30,5.22507133311133,0.9898037145611962,High,313767.7775158992
SHP-2025-0211,Export,2025-07-31,Electronics,Mumbai, India,New York, USA,108500,5425,2.8,On-Time,7,3,31,3.0206206732156735,0.0970336517597543,Low,10528.151215933342
SHP-2025-0212,Import,2025-08-01,Textiles,Shanghai, China,Mumbai, India,157000,7850,4.2,On-Time,8,4,1,4.083066968423732,0.7213491560958242,High,113251.8175070444
SHP-2025-0213,Export,2025-08-02,Consumer Goods,Mumbai, India,London, UK,61500,3075,2.5,On-Time,8,5,2,2.557415082140081,0.03753135002652468,Low,2308.178026631268
SHP-2025-0214,Import,2025-08-03,Industrial Equipment,Hamburg, Germany,Mumbai, India,297000,14850,4.9,On-Time,8,6,3,4.928270928515931,0.992869916529383,High,294882.36520922673
SHP-2025-0215,Export,2025-08-04,Electronics,Mumbai, India,Tokyo, Japan,127000,6350,3.2,On-Time,8,0,4,3.3125005422355462,0.0941537797593912,Low,11957.530029442682
SHP-2025-0216,Import,2025-08-05,Consumer Goods,Ho Chi Minh City, Vietnam,Mumbai, India,78500,3925,2.7,Delayed,8,1,5,2.7194833910533958,0.023626858442851253,Low,1854.7083877638233
SHP-2025-0217,Export,2025-08-06,Textiles,Mumbai, India,Dubai, UAE,99500,4975,2.2,On-Time,8,2,6,2.39544950937951,0.06552376690385264,Low,6519.614806933338
SHP-2025-0218,Import,2025-08-07,Electronics,Seoul, South Korea,Mumbai, India,222000,11100,4.5,On-Time,8,3,7,4.494571914751917,0.9631853330926258,High,213827.14394656292
SHP-2025-0219,Export,2025-08-08,Industrial Equipment,Mumbai, India,Singapore,Singapore,88500,4425,2.9,On-Time,8,4,8,2.9708016150516157,0.12155569713116045,Low,10757.6791961077
SHP-2025-0220,Import,2025-08-09,Textiles,Dhaka, Bangladesh,Mumbai, India,114000,5700,3.4,On-Time,8,5,9,3.467393718503719,0.14980942173338266,Low,17078.274077605623
SHP-2025-0221,Export,2025-08-10,Consumer Goods,Mumbai, India,Sydney, Australia,78500,3925,3.8,On-Time,8,6,10,3.643042302664655,0.21199055317581167,Low,16641.258424301217
SHP-2025-0222,Import,2025-08-11,Electronics,Taipei, Taiwan,Mumbai, India,252000,12600,4.7,Delayed,8,0,11,4.723314072039072,0.9868149121416424,High,248677.35785969388
SHP-2025-0223,Export,2025-08-12,Industrial Equipment,Mumbai, India,Rotterdam, Netherlands,172000,8600,4.0,On-Time,8,1,12,4.045480544292306,0.4102649407454527,Medium,70565.56980821787
SHP-2025-0224,Import,2025-08-13,Consumer Goods,Bangkok, Thailand,Mumbai, India,91500,4575,3.1,On-Time,8,2,13,3.1627156060606048,0.04337799024678853,Low,3969.086107581151
SHP-2025-0225,Export,2025-08-14,Textiles,Mumbai, India,New York, USA,147000,7350,3.6,On-Time,8,3,14,3.645765284715281,0.05810712133256292,Low,8541.74683588675
SHP-2025-0226,Import,2025-08-15,Industrial Equipment,Genoa, Italy,Mumbai, India,232000,11600,5.2,On-Time,8,4,15,5.115456018981024,0.9963290017141535,High,231148.32839768362
SHP-2025-0227,Export,2025-08-16,Electronics,Mumbai, India,Los Angeles, USA,192000,9600,3.7,On-Time,8,5,16,3.729104427239425,0.25849414662619796,Low,49630.87615223001
SHP-2025-0228,Import,2025-08-17,Textiles,Istanbul, Turkey,Mumbai, India,103500,5175,3.9,Delayed,8,6,17,3.8301243900543898,0.25555793543703,Low,26450.246317732603
SHP-2025-0229,Export,2025-08-18,Consumer Goods,Mumbai, India,Jeddah, Saudi Arabia,57500,2875,2.6,On-Time,8,0,18,2.748288655233653,0.03410617946091137,Low,1961.1053190024038
SHP-2025-0230,Import,2025-08-19,Electronics,San Francisco, USA,Mumbai, India,262000,13100,4.8,On-Time,8,1,19,4.812437924852928,0.9945191611604135,High,260564.02022402833
SHP-2025-0231,Export,2025-08-20,Industrial Equipment,Mumbai, India,Durban, South Africa,120000,6000,4.3,On-Time,8,2,20,4.22083976245976,0.7472793457158072,High,89673.52148589687
SHP-2025-0232,Import,2025-08-21,Consumer Goods,Jakarta, Indonesia,Mumbai, India,66500,3325,3.3,On-Time,8,3,21,3.3511046392496393,0.010905999553494498,Low,725.2489703073841
SHP-2025-0233,Export,2025-08-22,Textiles,Mumbai, India,Lagos, Nigeria,83500,4175,4.1,On-Time,8,4,22,4.058988691308689,0.6089117941072201,Medium,50844.134807952876
SHP-2025-0234,Import,2025-08-23,Industrial Equipment,Yokohama, Japan,Mumbai, India,375000,18750,5.5,Delayed,8,5,23,5.519657581862576,0.9963383138242665,High,373626.86768409994
SHP-2025-0235,Export,2025-08-24,Electronics,Mumbai, India,Mexico City, Mexico,147000,7350,4.6,On-Time,8,6,24,4.537979539904536,0.864335827551001,High,127057.36664999714
SHP-2025-0236,Import,2025-08-25,Consumer Goods,Manila, Philippines,Mumbai, India,58500,2925,3.5,On-Time,8,0,25,3.3598344300144296,0.012540311576570819,Low,733.6082272293929
SHP-2025-0237,Export,2025-08-26,Textiles,Mumbai, India,Cairo, Egypt,68500,3425,3.0,On-Time,8,1,26,3.096109860694859,0.047525223333295195,Low,3255.477798330721
SHP-2025-0238,Import,2025-08-27,Electronics,Helsinki, Finland,Mumbai, India,197000,9850,4.4,On-Time,8,2,27,4.416506980241982,0.918084581027583,High,180862.66246243383
SHP-2025-0239,Export,2025-08-28,Consumer Goods,Mumbai, India,Rio de Janeiro, Brazil,88500,4425,5.0,On-Time,8,3,28,5.071061366411363,0.9423742313374749,High,83400.11947336653
SHP-2025-0240,Import,2025-08-29,Industrial Equipment,Busan, South Korea,Mumbai, India,322000,16100,5.3,Delayed,8,4,29,5.291011798756801,0.9909765367575322,High,319094.44483592536
SHP-2025-0241,Export,2025-08-30,Electronics,Mumbai, India,New York, USA,111500,5575,2.9,On-Time,8,5,30,3.049541657231656,0.12316839011538344,Low,13733.275497865254
SHP-2025-0242,Import,2025-08-31,Textiles,Shanghai, China,Mumbai, India,162000,8100,4.3,On-Time,8,6,31,4.348101778221776,0.8114698606935336,High,131458.11743235245
SHP-2025-0243,Export,2025-09-01,Consumer Goods,Mumbai, India,London, UK,63500,3175,2.6,On-Time,9,0,1,2.6377885309135314,0.03472173454909922,Low,2204.8301438678004
SHP-2025-0244,Import,2025-09-02,Industrial Equipment,Hamburg, Germany,Mumbai, India,302000,15100,5.0,On-Time,9,1,2,5.017143614718615,0.9931446010330996,High,299929.6695119961
SHP-2025-0245,Export,2025-09-03,Electronics,Mumbai, India,Tokyo, Japan,130000,6500,3.3,On-Time,9,2,3,3.3492459895659934,0.1242350200393404,Low,16150.552605114251
SHP-2025-0246,Import,2025-09-04,Consumer Goods,Ho Chi Minh City, Vietnam,Mumbai, India,80500,4025,2.8,On-Time,9,3,4,2.8465382683982714,0.02376059937210942,Low,1912.7282494548083
SHP-2025-0247,Export,2025-09-05,Textiles,Mumbai, India,Dubai, UAE,101500,5075,2.3,Delayed,9,4,5,2.448949776334778,0.0991417897061929,Low,10062.89165517858
SHP-2025-0248,Import,2025-09-06,Electronics,Seoul, South Korea,Mumbai, India,227000,11350,4.6,On-Time,9,5,6,4.599773114663117,0.9625518095260014,High,218499.26076240232
SHP-2025-0249,Export,2025-09-07,Industrial Equipment,Mumbai, India,Singapore,Singapore,91500,4575,3.0,On-Time,9,6,7,3.04746645021645,0.13639001799623177,Low,12479.686646655207
SHP-2025-0250,Import,2025-09-08,Textiles,Dhaka, Bangladesh,Mumbai, India,117000,5850,3.5,On-Time,9,0,8,3.5533842446442434,0.15183924078571248,Low,17765.19117192836
SHP-2025-0251,Export,2025-09-09,Consumer Goods,Mumbai, India,Sydney, Australia,81500,4075,3.9,On-Time,9,1,9,3.7435842091242097,0.2253683653255267,Low,18367.521774030425
SHP-2025-0252,Import,2025-09-10,Electronics,Taipei, Taiwan,Mumbai, India,257000,12850,4.8,On-Time,9,2,10,4.8200293645243715,0.9879588963237851,High,253905.43635521276
SHP-2025-0253,Export,2025-09-11,Industrial Equipment,Mumbai, India,Rotterdam, Netherlands,177000,8850,4.1,Delayed,9,3,11,4.1411408844750035,0.5931119468620957,Medium,104980.81459459093
SHP-2025-0254,Import,2025-09-12,Consumer Goods,Bangkok, Thailand,Mumbai, India,93500,4675,3.2,On-Time,9,4,12,3.2618745032745027,0.04169927414846744,Low,3898.8821328817057
SHP-2025-0255,Export,2025-09-13,Textiles,Mumbai, India,New York, USA,152000,7600,3.7,On-Time,9,5,13,3.755822542424888,0.08349997207736881,Low,12691.99575576006
SHP-2025-0256,Import,2025-09-14,Industrial Equipment,Genoa, Italy,Mumbai, India,237000,11850,5.3,On-Time,9,6,14,5.228573176268182,0.9946550690081848,High,235733.2513549398
SHP-2025-0257,Export,2025-09-15,Electronics,Mumbai, India,Los Angeles, USA,197000,9850,3.8,On-Time,9,0,15,3.8676003724053727,0.2915264069932391,Low,57430.70217766811
SHP-2025-0258,Import,2025-09-16,Textiles,Istanbul, Turkey,Mumbai, India,106500,5325,4.0,On-Time,9,1,16,3.892763134643136,0.3041805369869172,Low,32395.227189106685
SHP-2025-0259,Export,2025-09-17,Consumer Goods,Mumbai, India,Jeddah, Saudi Arabia,59500,2975,2.7,Delayed,9,2,17,2.8494396364746364,0.026896615978780368,Low,1600.3486507374319
SHP-2025-0260,Import,2025-09-18,Electronics,San Francisco, USA,Mumbai, India,267000,13350,4.9,On-Time,9,3,18,4.944927553557556,0.9962872960937659,High,266008.70805703546
SHP-2025-0261,Export,2025-09-19,Industrial Equipment,Mumbai, India,Durban, South Africa,124000,6200,4.4,On-Time,9,4,19,4.3542199311799274,0.7794818731339852,High,96655.75226861416
SHP-2025-0262,Import,2025-09-20,Consumer Goods,Jakarta, Indonesia,Mumbai, India,68500,3425,3.4,On-Time,9,5,20,3.4352901875901884,0.013235311587557252,Low,906.6188437476718
SHP-2025-0263,Export,2025-09-21,Textiles,Mumbai, India,Lagos, Nigeria,86500,4325,4.2,On-Time,9,6,21,4.1659771617271595,0.6684308804398585,Medium,57819.27115804776
SHP-2025-0264,Import,2025-09-22,Industrial Equipment,Yokohama, Japan,Mumbai, India,385000,19250,5.6,On-Time,9,0,22,5.60553437118437,0.9945045727666164,High,382884.2605151473
SHP-2025-0265,Export,2025-09-23,Electronics,Mumbai, India,Mexico City, Mexico,150000,7500,4.7,Delayed,9,1,23,4.638311776556774,0.868018394495829,High,130202.75917437434
SHP-2025-0266,Import,2025-09-24,Consumer Goods,Manila, Philippines,Mumbai, India,60500,3025,3.6,On-Time,9,2,24,3.5222942063492035,0.011549229843111592,Low,698.7284055082513
SHP-2025-0267,Export,2025-09-25,Textiles,Mumbai, India,Cairo, Egypt,70500,3525,3.1,On-Time,9,3,25,3.185396296481294,0.07639131486299605,Low,5385.587697841222
SHP-2025-0268,Import,2025-09-26,Electronics,Helsinki, Finland,Mumbai, India,202000,10100,4.5,On-Time,9,4,26,4.515330466200464,0.9505754811821426,High,192016.24719879281
SHP-2025-0269,Export,2025-09-27,Consumer Goods,Mumbai, India,Rio de Janeiro, Brazil,91500,4575,5.1,On-Time,9,5,27,5.107223033078029,0.9368355946004491,High,85720.45690594109
SHP-2025-0270,Import,2025-09-28,Industrial Equipment,Busan, South Korea,Mumbai, India,327000,16350,5.4,On-Time,9,6,28,5.401741409146413,0.9943756498987433,High,325160.83751688903
SHP-2025-0271,Export,2025-09-29,Electronics,Mumbai, India,New York, USA,114500,5725,3.0,Delayed,9,0,29,3.105542054057052,0.13435194787018312,Low,15383.298031135968
SHP-2025-0272,Import,2025-09-30,Textiles,Shanghai, China,Mumbai, India,167000,8350,4.4,On-Time,9,1,30,4.427261136086135,0.8214346809229051,High,137179.59171412516
SHP-2025-0273,Export,2025-10-01,Consumer Goods,Mumbai, India,London, UK,65500,3275,2.7,On-Time,10,2,1,2.7044853563103577,0.04414359490630987,Low,2891.4054663632965
SHP-2025-0274,Import,2025-10-02,Industrial Equipment,Hamburg, Germany,Mumbai, India,307000,15350,5.1,On-Time,10,3,2,5.134381105561102,0.994181366369865,High,305213.67947554856
SHP-2025-0275,Export,2025-10-03,Electronics,Mumbai, India,Tokyo, Japan,134000,6700,3.4,On-Time,10,4,3,3.4996361988012015,0.1674661075095415,Low,22440.45840627856
SHP-2025-0276,Import,2025-10-04,Consumer Goods,Ho Chi Minh City, Vietnam,Mumbai, India,82500,4125,2.9,On-Time,10,5,4,2.9265522727272755,0.05421464486193964,Low,4472.70820111002
SHP-2025-0277,Export,2025-10-05,Textiles,Mumbai, India,Dubai, UAE,104500,5225,2.4,On-Time,10,6,5,2.5202237445887468,0.12908777824071396,Low,13489.672826154609
SHP-2025-0278,Import,2025-10-06,Electronics,Seoul, South Korea,Mumbai, India,232000,11600,4.7,Delayed,10,0,6,4.7504601298701346,0.9696158228437677,High,224950.8708997541
SHP-2025-0279,Export,2025-10-07,Industrial Equipment,Mumbai, India,Singapore,Singapore,94500,4725,3.1,On-Time,10,1,7,3.1212583261183267,0.12023995353578185,Low,11362.675609131384
SHP-2025-0280,Import,2025-10-08,Textiles,Dhaka, Bangladesh,Mumbai, India,120000,6000,3.6,On-Time,10,2,8,3.6160783627483615,0.18177259032667076,Low,21812.710839200492
SHP-2025-0281,Export,2025-10-09,Consumer Goods,Mumbai, India,Sydney, Australia,84500,4225,4.0,On-Time,10,3,9,3.8010100832174354,0.2983814799001635,Low,25213.235051563817
SHP-2025-0282,Import,2025-10-10,Electronics,Taipei, Taiwan,Mumbai, India,262000,13100,4.9,On-Time,10,4,10,4.899863507603506,0.985553144708251,High,258214.92391356174
SHP-2025-0283,Export,2025-10-11,Industrial Equipment,Mumbai, India,Rotterdam, Netherlands,182000,9100,4.2,On-Time,10,5,11,4.193915207374327,0.6548486822876903,Medium,119182.46017635964
SHP-2025-0284,Import,2025-10-12,Consumer Goods,Bangkok, Thailand,Mumbai, India,96500,4825,3.3,Delayed,10,6,12,3.3286784570984578,0.06440825598340161,Low,6215.396702398255
SHP-2025-0285,Export,2025-10-13,Textiles,Mumbai, India,New York, USA,157000,7850,3.8,On-Time,10,0,13,3.842790949605946,0.09235773113302327,Low,14500.163787884654
SHP-2025-0286,Import,2025-10-14,Industrial Equipment,Genoa, Italy,Mumbai, India,242000,12100,5.4,On-Time,10,1,14,5.315512122877131,0.9950058251526791,High,240791.40968694835
SHP-2025-0287,Export,2025-10-15,Electronics,Mumbai, India,Los Angeles, USA,202000,10100,3.9,On-Time,10,2,15,3.9262714474414473,0.33526174236256623,Low,67722.87195723839
SHP-2025-0288,Import,2025-10-16,Textiles,Istanbul, Turkey,Mumbai, India,109500,5475,4.1,On-Time,10,3,16,3.973192757797758,0.4341555058005635,Medium,47540.027885161704
SHP-2025-0289,Export,2025-10-17,Consumer Goods,Mumbai, India,Jeddah, Saudi Arabia,61500,3075,2.8,On-Time,10,4,17,2.9158508152958147,0.050832713600614345,Low,3126.211886437782
SHP-2025-0290,Import,2025-10-18,Electronics,San Francisco, USA,Mumbai, India,272000,13600,5.0,Delayed,10,5,18,5.035165622710612,0.9924598364546888,High,269949.07551567536
SHP-2025-0291,Export,2025-10-19,Industrial Equipment,Mumbai, India,Durban, South Africa,127000,6350,4.5,On-Time,10,6,19,4.43131711399711,0.7963588260201276,High,101137.57090455621
SHP-2025-0292,Import,2025-10-20,Consumer Goods,Jakarta, Indonesia,Mumbai, India,70500,3525,3.5,On-Time,10,0,20,3.471363860028861,0.024477391352789514,Low,1725.6560903716606
SHP-2025-0293,Export,2025-10-21,Textiles,Mumbai, India,Lagos, Nigeria,89500,4475,4.3,On-Time,10,1,21,4.229282688422689,0.6776271928800486,Medium,60647.633762764344
SHP-2025-0294,Import,2025-10-22,Industrial Equipment,Yokohama, Japan,Mumbai, India,395000,19750,5.7,On-Time,10,2,22,5.678702625152628,0.997857438961588,High,394153.68838982726
SHP-2025-0295,Export,2025-10-23,Electronics,Mumbai, India,Mexico City, Mexico,154000,7700,4.8,On-Time,10,3,23,4.7417958008658045,0.8801237438091271,High,135539.05654660557
SHP-2025-0296,Import,2025-10-24,Consumer Goods,Manila, Philippines,Mumbai, India,62500,3125,3.7,Delayed,10,4,24,3.58878825174825,0.023099664430837268,Low,1443.7290269273292
SHP-2025-0297,Export,2025-10-25,Textiles,Mumbai, India,Cairo, Egypt,72500,3625,3.2,On-Time,10,5,25,3.2754596087246064,0.10013422348542413,Low,7259.7312026932495
SHP-2025-0298,Import,2025-10-26,Electronics,Helsinki, Finland,Mumbai, India,207000,10350,4.6,On-Time,10,6,26,4.5782173820623795,0.9475971032422082,High,196152.60037113712
SHP-2025-0299,Export,2025-10-27,Consumer Goods,Mumbai, India,Rio de Janeiro, Brazil,94500,4725,5.2,On-Time,10,0,27,5.124671207681202,0.9120426203415487,High,86188.02762227635
SHP-2025-0300,Import,2025-10-28,Industrial Equipment,Busan, South Korea,Mumbai, India,332000,16600,5.5,On-Time,10,1,28,5.4811158247308285,0.9938320115488428,High,329952.2278342158
SHP-2025-0301,Export,2025-10-29,Electronics,Mumbai, India,New York, USA,117500,5875,3.1,On-Time,10,2,29,3.171070387390386,0.15895151977633395,Low,18676.80357371924
SHP-2025-0302,Import,2025-10-30,Textiles,Shanghai, China,Mumbai, India,172000,8600,4.5,Delayed,10,3,30,4.496589523809522,0.8521245923773241,High,146565.42988889973
SHP-2025-0303,Export,2025-10-31,Consumer Goods,Mumbai, India,London, UK,67500,3375,2.8,On-Time,10,4,31,2.95871528138528,0.0974313706862324,Low,6576.617521320686
SHP-2025-0304,Import,2025-11-01,Industrial Equipment,Hamburg, Germany,Mumbai, India,312000,15600,5.2,On-Time,11,5,1,5.19318895382395,0.9925273574544711,High,309668.53552579496
SHP-2025-0305,Export,2025-11-02,Electronics,Mumbai, India,Tokyo, Japan,137000,6850,3.5,On-Time,11,6,2,3.5702102214452225,0.2087485591845982,Low,28598.552608289952
SHP-2025-0306,Import,2025-11-03,Consumer Goods,Ho Chi Minh City, Vietnam,Mumbai, India,84500,4225,3.0,On-Time,11,0,3,2.998154480519484,0.08217357015294184,Low,6943.666677923586
SHP-2025-0307,Export,2025-11-04,Textiles,Mumbai, India,Dubai, UAE,107500,5375,2.5,On-Time,11,1,4,2.6077745743145755,0.13978931793216007,Low,15027.351677707207
SHP-2025-0308,Import,2025-11-05,Electronics,Seoul, South Korea,Mumbai, India,237000,11850,4.8,On-Time,11,2,5,4.8022780952381,0.9692071058850507,High,229702.084094757
SHP-2025-0309,Export,2025-11-06,Industrial Equipment,Mumbai, India,Singapore,Singapore,97500,4875,3.2,Delayed,11,3,6,3.143355851370852,0.15342777770483637,Low,14959.208326221546
SHP-2025-0310,Import,2025-11-07,Textiles,Dhaka, Bangladesh,Mumbai, India,124000,6200,3.7,On-Time,11,4,7,3.677544421134417,0.2014181618125127,Low,24975.852064751576
SHP-2025-0311,Export,2025-11-08,Consumer Goods,Mumbai, India,Sydney, Australia,87500,4375,4.1,On-Time,11,5,8,3.7670446869796854,0.425924284351305,Medium,37268.37488073919
SHP-2025-0312,Import,2025-11-09,Electronics,Taipei, Taiwan,Mumbai, India,267000,13350,5.0,On-Time,11,6,9,4.998868275613268,0.9719150078001941,High,259501.30708265182
SHP-2025-0313,Export,2025-11-10,Industrial Equipment,Mumbai, India,Rotterdam, Netherlands,187000,9350,4.3,On-Time,11,0,10,4.252543360920126,0.6515402800142824,Medium,121838.03236267081
SHP-2025-0314,Import,2025-11-11,Consumer Goods,Bangkok, Thailand,Mumbai, India,99500,4975,3.4,On-Time,11,1,11,3.386624567099566,0.07539993432277338,Low,7502.293465115951
SHP-2025-0315,Export,2025-11-12,Textiles,Mumbai, India,New York, USA,162000,8100,3.9,Delayed,11,2,12,3.9170056682206664,0.12560016000904348,Low,20347.225921465044
SHP-2025-0316,Import,2025-11-13,Industrial Equipment,Genoa, Italy,Mumbai, India,247000,12350,5.5,On-Time,11,3,13,5.334446170496178,0.9948198246537475,High,245720.49668947564
SHP-2025-0317,Export,2025-11-14,Electronics,Mumbai, India,Los Angeles, USA,207000,10350,4.0,On-Time,11,4,14,4.000104802419804,0.3911782955473322,Low,80973.90717829777
SHP-2025-0318,Import,2025-11-15,Textiles,Istanbul, Turkey,Mumbai, India,114000,5700,4.2,On-Time,11,5,15,4.0466842990342995,0.49095769256542504,Medium,55969.17695245845
SHP-2025-0319,Export,2025-11-16,Consumer Goods,Mumbai, India,Jeddah, Saudi Arabia,64500,3225,2.9,On-Time,11,6,16,2.941182148407149,0.0816582114862382,Low,5266.954640862364
SHP-2025-0320,Import,2025-11-17,Electronics,San Francisco, USA,Mumbai, India,277000,13850,5.1,On-Time,11,0,17,5.077190435120426,0.9942879118541642,High,275417.7515836035
SHP-2025-0321,Export,2025-11-18,Industrial Equipment,Mumbai, India,Durban, South Africa,130000,6500,4.6,Delayed,11,1,18,4.4258691619491595,0.7746630157825386,High,100706.19205173002
SHP-2025-0322,Import,2025-11-19,Consumer Goods,Jakarta, Indonesia,Mumbai, India,72500,3625,3.6,On-Time,11,2,19,3.575574582084582,0.039240645660012986,Low,2844.9468103509416
SHP-2025-0323,Export,2025-11-20,Textiles,Mumbai, India,Lagos, Nigeria,91500,4575,4.4,On-Time,11,3,20,4.253210527250529,0.7038638663186958,High,64403.54376816066
SHP-2025-0324,Import,2025-11-21,Industrial Equipment,Yokohama, Japan,Mumbai, India,405000,20250,5.8,On-Time,11,4,21,5.699040164835165,0.9979692715734206,High,404177.55498723534
SHP-2025-0325,Export,2025-11-22,Electronics,Mumbai, India,Mexico City, Mexico,157000,7850,4.9,On-Time,11,5,22,4.79179545621046,0.8691088767463654,High,136450.09364917935
SHP-2025-0326,Import,2025-11-23,Consumer Goods,Manila, Philippines,Mumbai, India,64500,3225,3.8,On-Time,11,6,23,3.6437798967698956,0.03929671550006879,Low,2534.6381497544367
SHP-2025-0327,Export,2025-11-24,Textiles,Mumbai, India,Cairo, Egypt,74500,3725,3.3,Delayed,11,0,24,3.4125017371517354,0.1009539464693526,Low,7521.069011966769
SHP-2025-0328,Import,2025-11-25,Electronics,Helsinki, Finland,Mumbai, India,212000,10600,4.7,On-Time,11,1,25,4.668287900987899,0.9570916399581446,High,202903.42767112667
SHP-2025-0329,Export,2025-11-26,Consumer Goods,Mumbai, India,Rio de Janeiro, Brazil,97500,4875,5.3,On-Time,11,2,26,5.127125017205012,0.9123582813592966,High,88954.93243253142
SHP-2025-0330,Import,2025-11-27,Industrial Equipment,Busan, South Korea,Mumbai, India,337000,16850,5.6,On-Time,11,3,27,5.583228636363635,0.9956446021196134,High,335532.2309143097
SHP-2025-0331,Export,2025-11-28,Electronics,Mumbai, India,New York, USA,120500,6025,3.2,On-Time,11,4,28,3.2300996009545995,0.17265671520645534,Low,20805.134182377868
SHP-2025-0332,Import,2025-11-29,Textiles,Shanghai, China,Mumbai, India,177000,8850,4.6,On-Time,11,5,29,4.556198558663555,0.8806884403224392,High,155881.85393707175
SHP-2025-0333,Export,2025-11-30,Consumer Goods,Mumbai, India,London, UK,69500,3475,2.9,Delayed,11,6,30,3.0049697835497846,0.13453183712421715,Low,9349.962680133092
SHP-2025-0334,Import,2025-12-01,Industrial Equipment,Hamburg, Germany,Mumbai, India,317000,15850,5.3,On-Time,12,0,1,5.317383405483405,0.9913613675998662,High,314261.5535291576
SHP-2025-0335,Export,2025-12-02,Electronics,Mumbai, India,Tokyo, Japan,140000,7000,3.6,On-Time,12,1,2,3.666873403263402,0.1947721965183512,Low,27268.107512569168
SHP-2025-0336,Import,2025-12-03,Consumer Goods,Ho Chi Minh City, Vietnam,Mumbai, India,86500,4325,3.1,On-Time,12,2,3,3.0201824819624847,0.09816448266124564,Low,8491.227750197748
SHP-2025-0337,Export,2025-12-04,Textiles,Mumbai, India,Dubai, UAE,110500,5525,2.6,On-Time,12,3,4,2.6567952813852824,0.1661572484400248,Low,18360.37595262274
SHP-2025-0338,Import,2025-12-05,Electronics,Seoul, South Korea,Mumbai, India,242000,12100,4.9,On-Time,12,4,5,4.8295283560883595,0.9668437352545445,High,233976.18393159975
SHP-2025-0339,Export,2025-12-06,Industrial Equipment,Mumbai, India,Singapore,Singapore,100500,5025,3.3,On-Time,12,5,6,3.166080974025974,0.1852902657159824,Low,18621.671704456232
SHP-2025-0340,Import,2025-12-07,Textiles,Dhaka, Bangladesh,Mumbai, India,127000,6350,3.8,Delayed,12,6,7,3.7086897963147933,0.21734017341828368,Low,27602.202024122027
SHP-2025-0341,Export,2025-12-08,Consumer Goods,Mumbai, India,Sydney, Australia,90500,4525,4.2,On-Time,12,0,8,3.752005516705516,0.3725063416351199,Low,33711.823917978356
SHP-2025-0342,Import,2025-12-09,Electronics,Taipei, Taiwan,Mumbai, India,272000,13600,5.1,On-Time,12,1,9,5.040528867243856,0.9836081854177128,High,267541.4264336179
SHP-2025-0343,Export,2025-12-10,Industrial Equipment,Mumbai, India,Rotterdam, Netherlands,192000,9600,4.4,On-Time,12,2,10,4.310384666836436,0.6677196506038828,Medium,128202.1729159455
SHP-2025-0344,Import,2025-12-11,Consumer Goods,Bangkok, Thailand,Mumbai, India,102500,5125,3.5,On-Time,12,3,11,3.4179053174603156,0.08133314168598071,Low,8336.647022813024
SHP-2025-0345,Export,2025-12-12,Textiles,Mumbai, India,New York, USA,167000,8350,4.0,On-Time,12,4,12,3.9228245049068584,0.14531544868529678,Low,24267.679930444563
SHP-2025-0346,Import,2025-12-13,Industrial Equipment,Genoa, Italy,Mumbai, India,252000,12600,5.6,Delayed,12,5,13,5.342357490842497,0.993192702250534,High,250284.56096713457
SHP-2025-0347,Export,2025-12-14,Electronics,Mumbai, India,Los Angeles, USA,212000,10600,4.1,On-Time,12,6,14,4.054971043401042,0.42383436943480585,Medium,89852.88632017883
SHP-2025-0348,Import,2025-12-15,Textiles,Istanbul, Turkey,Mumbai, India,117000,5850,4.3,On-Time,12,0,15,4.03748416916417,0.4692760714895624,Medium,54905.3003642788
SHP-2025-0349,Export,2025-12-16,Consumer Goods,Mumbai, India,Jeddah, Saudi Arabia,66500,3325,3.0,On-Time,12,1,16,2.9911799622599626,0.07431290990961742,Low,4941.8085089895585
SHP-2025-0350,Import,2025-12-17,Electronics,San Francisco, USA,Mumbai, India,282000,14100,5.2,On-Time,12,2,17,5.079217034632024,0.9962889351551877,High,280953.47971376294
SHP-2025-0351,Export,2025-12-18,Industrial Equipment,Mumbai, India,Durban, South Africa,134000,6700,4.7,On-Time,12,3,18,4.490570792540788,0.7832969646314354,High,104961.79326061234
SHP-2025-0352,Import,2025-12-19,Consumer Goods,Jakarta, Indonesia,Mumbai, India,74500,3725,3.7,Delayed,12,4,19,3.587742605172604,0.044538672231142995,Low,3318.131081220153
SHP-2025-0353,Export,2025-12-20,Textiles,Mumbai, India,Lagos, Nigeria,94500,4725,4.5,On-Time,12,5,20,4.2635551304251305,0.6768132359549072,Medium,63958.85079773873
SHP-2025-0354,Import,2025-12-21,Industrial Equipment,Yokohama, Japan,Mumbai, India,415000,20750,5.9,On-Time,12,6,21,5.700759053724054,0.9972689681372737,High,413866.6217769686
SHP-2025-0355,Export,2025-12-22,Electronics,Mumbai, India,Mexico City, Mexico,160000,8000,5.0,On-Time,12,0,22,4.7848322732822774,0.8507965202170994,High,136127.4432347359
SHP-2025-0356,Import,2025-12-23,Consumer Goods,Manila, Philippines,Mumbai, India,66500,3325,3.9,On-Time,12,1,23,3.657291123321123,0.03424704903654258,Low,2277.428760930082
SHP-2025-0357,Export,2025-12-24,Textiles,Mumbai, India,Cairo, Egypt,76500,3825,3.4,On-Time,12,2,24,3.4921361022311013,0.17169942918200856,Low,13135.006332423654
SHP-2025-0358,Import,2025-12-25,Electronics,Helsinki, Finland,Mumbai, India,217000,10850,4.8,Delayed,12,3,25,4.717153413253414,0.9785461397547038,High,212344.51232677072
SHP-2025-0359,Export,2025-12-26,Consumer Goods,Mumbai, India,Rio de Janeiro, Brazil,100500,5025,5.4,On-Time,12,4,26,5.126319461649457,0.9095435800131711,High,91409.1297913237
SHP-2025-0360,Import,2025-12-27,Industrial Equipment,Busan, South Korea,Mumbai, India,342000,17100,5.7,On-Time,12,5,27,5.59259665223665,0.9941803110371261,High,340009.6663746971
SHP-2025-0361,Export,2025-12-28,Electronics,Mumbai, India,New York, USA,123500,6175,3.3,On-Time,12,6,28,3.3390712204462205,0.19060379526362928,Low,23539.568715058216
SHP-2025-0362,Import,2025-12-29,Textiles,Shanghai, China,Mumbai, India,182000,9100,4.7,On-Time,12,0,29,4.558176198246198,0.8929266690218982,High,162512.65376198548
SHP-2025-0363,Export,2025-12-30,Consumer Goods,Mumbai, India,London, UK,71500,3575,3.0,On-Time,12,1,30,3.09063184038184,0.16468006371572386,Low,11774.624555674256
SHP-2025-0364,Import,2025-12-31,Industrial Equipment,Hamburg, Germany,Mumbai, India,322000,16100,5.4,Delayed,12,2,31,5.377117368187371,0.9890826577080158,High,318484.6157819811
